blockcollect,ID,condition,p,trialcollect
train,2,m1,1.853825855591766e-33,1
train,2,m1,3.2731113756842617e-23,2
train,2,m1,6.887295126928601e-20,3
train,2,m1,5.001494324049949e-19,4
train,2,m1,3.6507738757758534e-17,5
train,2,m1,5.144388960095581e-16,6
train,2,m1,8.037790509840819e-16,7
train,2,m1,9.603050539280181e-15,8
train,2,m1,1.0106681930157485e-14,9
train,2,m1,6.025960734565359e-16,10
train,2,m1,1.0436206545759615e-14,11
train,2,m1,1.1868421521986968e-14,12
train,2,m1,5.810683965240537e-14,13
train,2,m1,7.346166318485114e-14,14
train,2,m1,2.981501764226513e-14,15
train,2,m1,5.954441041795822e-14,16
train,2,m1,1.9972377904623438e-14,17
train,2,m1,4.7570132647454036e-15,18
train,2,m1,4.9058870979284616e-14,19
train,2,m1,2.0806879422939585e-15,20
train,2,m1,6.010652096351396e-15,21
train,2,m1,6.773110582591543e-14,22
train,2,m1,4.047170855826093e-14,23
train,2,m1,3.988766663563488e-15,24
train,2,m1,2.3694465985622803e-14,25
train,2,m1,8.42992091876129e-15,26
train,2,m1,4.215528140861895e-14,27
train,2,m1,3.8512487469943846e-15,28
train,2,m1,6.489055881444151e-15,29
train,2,m1,1.2647510568410212e-15,30
train,2,m1,5.422234994442894e-14,31
train,2,m1,6.333355873266641e-16,32
train,2,m1,3.166804790405084e-14,33
train,2,m1,1.5106385380884296e-14,34
train,2,m1,1.41631472785138e-14,35
train,2,m1,3.8059121555255454e-15,36
train,2,m1,9.221154723582266e-15,37
train,2,m1,1.2659019205064556e-14,38
train,2,m1,2.63476983311959e-16,39
train,2,m1,2.3447415697545404e-15,40
test,2,m1,1.0180600501127036e-26,41
test,2,m1,2.2843889313653425e-23,42
test,2,m1,7.475430334110903e-25,43
test,2,m1,2.0411759514286852e-22,44
test,2,m1,1.398580662274607e-20,45
test,2,m1,1.6101962324045016e-17,46
test,2,m1,1.9951575372146287e-20,47
test,2,m1,3.9574753578760486e-20,48
test,2,m1,2.6979684750547543e-19,49
test,2,m1,4.5099975627437765e-18,50
test,2,m1,5.5362768264255615e-18,51
test,2,m1,5.526996997326059e-19,52
test,2,m1,3.7268695290470567e-17,53
test,2,m1,3.5368646534185236e-18,54
test,2,m1,2.4663560940823166e-19,55
test,2,m1,1.8404298790716936e-16,56
test,2,m1,5.200316097148169e-17,57
test,2,m1,1.3652187944220726e-18,58
test,2,m1,4.255079109518716e-18,59
test,2,m1,1.024692919864088e-15,60
test,2,m1,1.2211188280109557e-16,61
test,2,m1,7.820023339408541e-19,62
test,2,m1,6.787360768434618e-16,63
test,2,m1,8.150648981209635e-19,64
train,3,m1,2.788150123043065e-29,1
train,3,m1,1.4799338237699218e-23,2
train,3,m1,2.8558569682751773e-23,3
train,3,m1,6.723947713012874e-18,4
train,3,m1,4.231614645103486e-20,5
train,3,m1,2.810566988372463e-18,6
train,3,m1,2.1040172523247348e-19,7
train,3,m1,6.230749958174563e-18,8
train,3,m1,4.9991106997173006e-17,9
train,3,m1,1.6697040813004186e-18,10
train,3,m1,2.7653770775329256e-18,11
train,3,m1,2.927630209046427e-18,12
train,3,m1,1.3917816732017123e-16,13
train,3,m1,4.223044885936375e-18,14
train,3,m1,5.490283757952821e-15,15
train,3,m1,2.0273536361654373e-19,16
train,3,m1,3.1870470772377043e-18,17
train,3,m1,2.894464576094042e-16,18
train,3,m1,6.043819961037073e-18,19
train,3,m1,9.494689614337939e-15,20
train,3,m1,5.0879672682983594e-18,21
train,3,m1,3.3899128122736046e-19,22
train,3,m1,1.5133676279519017e-17,23
train,3,m1,1.925437576262543e-16,24
train,3,m1,9.682302925527124e-18,25
train,3,m1,3.963794570561435e-17,26
train,3,m1,6.075438258355088e-15,27
train,3,m1,3.394594551143078e-18,28
train,3,m1,2.1132343362592577e-15,29
train,3,m1,1.7724635583373145e-16,30
train,3,m1,2.617516301379612e-16,31
train,3,m1,1.8285234413346053e-17,32
train,3,m1,3.2485763346934773e-15,33
train,3,m1,6.061542305661022e-18,34
train,3,m1,1.1870830589568078e-16,35
train,3,m1,5.8025877702207965e-15,36
train,3,m1,1.4672519858707593e-14,37
train,3,m1,6.56177512821152e-19,38
train,3,m1,9.542509402005662e-18,39
train,3,m1,1.160467397782281e-18,40
test,3,m1,3.9175875616718766e-21,41
test,3,m1,4.456829349493323e-21,42
test,3,m1,1.907310471485357e-19,43
test,3,m1,8.106506358573772e-20,44
test,3,m1,3.484769749018123e-20,45
test,3,m1,1.5575680653427034e-18,46
test,3,m1,4.666565068316895e-18,47
test,3,m1,2.4281857930172688e-18,48
test,3,m1,1.7704450380853623e-19,49
test,3,m1,4.122007203956072e-19,50
test,3,m1,4.532860834874742e-18,51
test,3,m1,3.2574275587110196e-20,52
test,3,m1,3.2174747092753142e-18,53
test,3,m1,6.550414190239016e-20,54
test,3,m1,2.10176688161889e-18,55
test,3,m1,1.2365154623188683e-19,56
test,3,m1,4.048814838312656e-20,57
test,3,m1,4.296656515828081e-18,58
test,3,m1,1.7251548315965527e-19,59
test,3,m1,1.7680158412708414e-18,60
test,3,m1,1.9226252035388934e-19,61
test,3,m1,2.4037297846168323e-18,62
test,3,m1,2.5757709443186737e-18,63
test,3,m1,1.934243162037354e-18,64
train,4,m1,2.515937420947568e-34,1
train,4,m1,3.1448944427449035e-21,2
train,4,m1,1.1258881462502674e-18,3
train,4,m1,1.6531897305635271e-18,4
train,4,m1,3.2969895136085054e-18,5
train,4,m1,8.865105059478631e-17,6
train,4,m1,1.0006222552063704e-15,7
train,4,m1,2.3261902776602504e-15,8
train,4,m1,4.410635658108229e-15,9
train,4,m1,3.526338089262539e-14,10
train,4,m1,7.273402461371002e-15,11
train,4,m1,5.1280092910714614e-14,12
train,4,m1,1.3687571312915453e-14,13
train,4,m1,2.517117136740469e-14,14
train,4,m1,9.550991894341932e-15,15
train,4,m1,8.524587015012325e-15,16
train,4,m1,1.793394229507913e-14,17
train,4,m1,5.2842119921273425e-14,18
train,4,m1,6.462462943251923e-14,19
train,4,m1,1.837353375997927e-15,20
train,4,m1,6.107366741785365e-15,21
train,4,m1,1.6854590868524313e-15,22
train,4,m1,5.491035753803393e-14,23
train,4,m1,9.524147556770959e-14,24
train,4,m1,8.346428034117486e-15,25
train,4,m1,1.612405142129708e-14,26
train,4,m1,1.0326881556702692e-18,27
train,4,m1,4.677362013330577e-14,28
train,4,m1,2.2347988107833004e-15,29
train,4,m1,3.309597805823539e-16,30
train,4,m1,5.657981458432595e-15,31
train,4,m1,1.1339571588577652e-13,32
train,4,m1,7.125939107451712e-14,33
train,4,m1,1.1188013507984745e-14,34
train,4,m1,3.275667836478459e-15,35
train,4,m1,2.0227290776033725e-14,36
train,4,m1,6.2720922036532244e-15,37
train,4,m1,6.06246383118552e-15,38
train,4,m1,6.066289879008268e-15,39
train,4,m1,1.2745513127440482e-14,40
test,4,m1,1.4499799863377747e-23,41
test,4,m1,2.371028439870467e-19,42
test,4,m1,1.030487648445725e-19,43
test,4,m1,1.147396687177153e-20,44
test,4,m1,3.4203591592725736e-18,45
test,4,m1,1.0671919476509027e-17,46
test,4,m1,7.30260325469284e-19,47
test,4,m1,4.247980410937908e-17,48
test,4,m1,7.457597359343306e-18,49
test,4,m1,4.063643873174956e-18,50
test,4,m1,6.37650463632857e-20,51
test,4,m1,6.398617908968013e-17,52
test,4,m1,9.754595202341808e-18,53
test,4,m1,1.8575144012689148e-16,54
test,4,m1,6.033737146357935e-20,55
test,4,m1,1.8573563105102437e-17,56
test,4,m1,1.662734145789664e-16,57
test,4,m1,2.7097176243983656e-17,58
test,4,m1,1.6182722397091617e-19,59
test,4,m1,1.916561729766502e-16,60
test,4,m1,3.1492327223299957e-19,61
test,4,m1,4.981798338892158e-16,62
test,4,m1,1.4829527293258462e-19,63
test,4,m1,2.0931404218057277e-18,64
train,7,m1,1.2081073413231395e-29,1
train,7,m1,2.916223886404055e-22,2
train,7,m1,4.76647091699709e-16,3
train,7,m1,7.215202446441692e-20,4
train,7,m1,1.416542275353085e-19,5
train,7,m1,3.923875826816361e-17,6
train,7,m1,9.489512337206084e-16,7
train,7,m1,4.691668908029471e-16,8
train,7,m1,3.0053152485056203e-16,9
train,7,m1,4.967796354878452e-16,10
train,7,m1,3.031809168546314e-15,11
train,7,m1,3.4634171361603476e-15,12
train,7,m1,8.723330590591338e-15,13
train,7,m1,2.6017363422700603e-16,14
train,7,m1,1.0040524421812188e-14,15
train,7,m1,2.171914957724199e-14,16
train,7,m1,7.033547718180528e-15,17
train,7,m1,9.980379153326502e-15,18
train,7,m1,8.797372599247033e-16,19
train,7,m1,2.4646414127789916e-14,20
train,7,m1,4.515001552154747e-15,21
train,7,m1,5.804733992890461e-17,22
train,7,m1,9.913765094222635e-15,23
train,7,m1,5.326612852104293e-15,24
train,7,m1,7.522187261166141e-16,25
train,7,m1,2.8676861588621894e-16,26
train,7,m1,2.328332466335504e-14,27
train,7,m1,1.5550898107207986e-14,28
train,7,m1,1.8614309651499884e-14,29
train,7,m1,3.759414652462935e-16,30
train,7,m1,1.388344572320432e-16,31
train,7,m1,1.5543701503529877e-15,32
train,7,m1,3.2569689488931098e-15,33
train,7,m1,4.769949575432345e-16,34
train,7,m1,1.043968446304104e-14,35
train,7,m1,4.116706755081514e-15,36
train,7,m1,2.808501518382918e-17,37
train,7,m1,2.4376606605518636e-15,38
train,7,m1,1.551482805618211e-14,39
train,7,m1,3.0113738634190935e-15,40
test,7,m1,5.299892966398161e-25,41
test,7,m1,9.448223038938046e-20,42
test,7,m1,9.771464542808456e-20,43
test,7,m1,1.0831566937394198e-19,44
test,7,m1,4.597660613098498e-19,45
test,7,m1,1.2898945420020376e-20,46
test,7,m1,2.0022019171710554e-19,47
test,7,m1,3.314337827192738e-21,48
test,7,m1,2.849935615651159e-18,49
test,7,m1,1.2078679488088666e-18,50
test,7,m1,2.6122640022749207e-17,51
test,7,m1,9.084388654632969e-18,52
test,7,m1,3.3637596877501507e-19,53
test,7,m1,5.980845667027646e-19,54
test,7,m1,5.492835342756414e-20,55
test,7,m1,1.0737733274766196e-17,56
test,7,m1,4.967920696668131e-17,57
test,7,m1,2.6369096831898156e-17,58
test,7,m1,4.1283244339929275e-18,59
test,7,m1,1.3918827877597908e-16,60
test,7,m1,4.2403475397970293e-19,61
test,7,m1,6.32216856360664e-20,62
test,7,m1,4.672650222493141e-19,63
test,7,m1,1.4855856090264507e-17,64
train,8,m1,4.213267037528005e-31,1
train,8,m1,2.2144020816892355e-21,2
train,8,m1,3.6176237441881477e-19,3
train,8,m1,2.2402026043207173e-21,4
train,8,m1,3.059657441330108e-16,5
train,8,m1,3.9804084104465014e-18,6
train,8,m1,2.7374279499257654e-15,7
train,8,m1,8.65478165015559e-18,8
train,8,m1,1.2622569683278309e-14,9
train,8,m1,8.753073702547919e-17,10
train,8,m1,3.1744126709307326e-16,11
train,8,m1,3.353503388067551e-14,12
train,8,m1,5.397858077082163e-18,13
train,8,m1,5.198376044944844e-14,14
train,8,m1,3.09656518147104e-17,15
train,8,m1,7.493622729381215e-18,16
train,8,m1,2.3116054290997154e-14,17
train,8,m1,1.8387585020134684e-13,18
train,8,m1,1.1251298284237094e-17,19
train,8,m1,1.07362896513679e-13,20
train,8,m1,7.758940910857599e-17,21
train,8,m1,5.637534321313893e-17,22
train,8,m1,3.5808256858803345e-14,23
train,8,m1,2.3738650612283377e-14,24
train,8,m1,1.965600305201096e-15,25
train,8,m1,4.6511355015913317e-14,26
train,8,m1,3.8409974579583455e-18,27
train,8,m1,3.069858894388602e-16,28
train,8,m1,4.236262490971143e-14,29
train,8,m1,2.0874394930240122e-18,30
train,8,m1,1.9207833618279522e-17,31
train,8,m1,5.794686395425902e-18,32
train,8,m1,9.324288608207002e-15,33
train,8,m1,3.310097015278915e-14,34
train,8,m1,3.3494027956907746e-16,35
train,8,m1,9.240715467191446e-16,36
train,8,m1,4.259542768009954e-15,37
train,8,m1,1.0724966006709236e-15,38
train,8,m1,3.489883485278608e-14,39
train,8,m1,2.304006908288134e-16,40
test,8,m1,1.663716463249875e-30,41
test,8,m1,2.5827751743347376e-24,42
test,8,m1,3.087994120221478e-23,43
test,8,m1,3.634791231566832e-20,44
test,8,m1,4.351100076793204e-21,45
test,8,m1,2.8567934534547578e-21,46
test,8,m1,1.3304849570507395e-20,47
test,8,m1,2.2768212599594576e-20,48
test,8,m1,1.6662593175278035e-21,49
test,8,m1,4.7886445319452304e-20,50
test,8,m1,5.629024039017763e-19,51
test,8,m1,1.0804598264485555e-19,52
test,8,m1,3.6474353748235894e-17,53
test,8,m1,2.9273673724067884e-19,54
test,8,m1,1.8828683803987266e-17,55
test,8,m1,7.901784326845726e-20,56
test,8,m1,1.342343271746235e-16,57
test,8,m1,1.9109836703929753e-18,58
test,8,m1,6.743026427046256e-20,59
test,8,m1,5.228439907102727e-18,60
test,8,m1,5.833154895101775e-20,61
test,8,m1,3.150566509708707e-17,62
test,8,m1,1.3567542138547868e-17,63
test,8,m1,2.0928472855402512e-16,64
train,9,m1,1.321206749759257e-31,1
train,9,m1,2.5495189587873226e-20,2
train,9,m1,3.0227175842539947e-22,3
train,9,m1,7.744278927704943e-19,4
train,9,m1,7.937935516224683e-17,5
train,9,m1,2.0502948648992573e-17,6
train,9,m1,5.680357316869156e-19,7
train,9,m1,2.3487340595514236e-15,8
train,9,m1,6.758833889911175e-17,9
train,9,m1,2.2368751002952575e-14,10
train,9,m1,2.323657217161157e-13,11
train,9,m1,1.1259535911259714e-15,12
train,9,m1,3.918912262342312e-20,13
train,9,m1,4.1747315824628675e-17,14
train,9,m1,1.54631268591476e-14,15
train,9,m1,6.2200365233302905e-15,16
train,9,m1,1.476119404388975e-14,17
train,9,m1,6.264319575219335e-14,18
train,9,m1,2.389768443626216e-14,19
train,9,m1,6.103896278393875e-14,20
train,9,m1,8.16563583954787e-18,21
train,9,m1,8.138079475493524e-17,22
train,9,m1,4.413375008981764e-18,23
train,9,m1,6.136784873669865e-14,24
train,9,m1,1.3823614121606913e-14,25
train,9,m1,3.470725632890789e-14,26
train,9,m1,6.516205272637121e-17,27
train,9,m1,6.0301102695646194e-18,28
train,9,m1,4.280473058015726e-17,29
train,9,m1,1.4724125129260825e-15,30
train,9,m1,1.1455105230868891e-15,31
train,9,m1,1.525008176752891e-15,32
train,9,m1,3.620130473675459e-17,33
train,9,m1,2.5452488796879735e-15,34
train,9,m1,2.7695667092851985e-15,35
train,9,m1,3.9237884765436754e-17,36
train,9,m1,2.7944220017377813e-14,37
train,9,m1,4.848527432285697e-19,38
train,9,m1,3.4199226560633294e-17,39
train,9,m1,4.218118198208009e-15,40
test,9,m1,4.656800540257056e-24,41
test,9,m1,3.962169070164694e-23,42
test,9,m1,3.9030372446707414e-18,43
test,9,m1,1.8797780394463422e-22,44
test,9,m1,2.682168704969532e-17,45
test,9,m1,7.999418639626958e-22,46
test,9,m1,8.018217882127778e-19,47
test,9,m1,4.435708720084573e-17,48
test,9,m1,2.673081464196147e-17,49
test,9,m1,5.807900440921549e-21,50
test,9,m1,4.797361348315617e-17,51
test,9,m1,7.926007794096458e-20,52
test,9,m1,4.0055456020813754e-19,53
test,9,m1,1.7415575646495378e-19,54
test,9,m1,2.9119838809648334e-18,55
test,9,m1,4.1951103245662113e-19,56
test,9,m1,6.639851982447364e-18,57
test,9,m1,1.081347572191584e-18,58
test,9,m1,1.2439662916864397e-19,59
test,9,m1,1.687610907880482e-17,60
test,9,m1,5.849362206735045e-19,61
test,9,m1,1.2025275466971324e-17,62
test,9,m1,9.68621879854695e-17,63
test,9,m1,1.140100656001674e-16,64
train,11,m1,2.962401333402656e-33,1
train,11,m1,4.31910288893032e-20,2
train,11,m1,1.000034580604279e-18,3
train,11,m1,1.2488193700338111e-20,4
train,11,m1,6.963480193254142e-18,5
train,11,m1,2.588734915925299e-16,6
train,11,m1,4.910261575761755e-17,7
train,11,m1,2.5945661024924342e-15,8
train,11,m1,5.0694162951649135e-14,9
train,11,m1,3.375879965654936e-14,10
train,11,m1,8.157567638967037e-14,11
train,11,m1,4.0410230906949215e-15,12
train,11,m1,3.8129967390963804e-14,13
train,11,m1,4.9101415750159305e-15,14
train,11,m1,3.352844735247766e-14,15
train,11,m1,1.8874740095528586e-15,16
train,11,m1,7.9927872046609e-14,17
train,11,m1,1.2038203008220283e-13,18
train,11,m1,1.851214087621525e-13,19
train,11,m1,5.527205754717046e-14,20
train,11,m1,3.261071764731373e-14,21
train,11,m1,8.784088094491299e-14,22
train,11,m1,8.163135694749107e-14,23
train,11,m1,8.331303583217903e-14,24
train,11,m1,9.528731021455142e-16,25
train,11,m1,9.051332410360893e-14,26
train,11,m1,3.049698758502209e-14,27
train,11,m1,1.2950861357722415e-13,28
train,11,m1,1.5134370714186868e-15,29
train,11,m1,4.4576491207027474e-14,30
train,11,m1,6.972218827030173e-16,31
train,11,m1,4.3860175772325247e-14,32
train,11,m1,5.6082363145831815e-14,33
train,11,m1,1.0828552842202517e-15,34
train,11,m1,3.5103078213291616e-14,35
train,11,m1,1.061345327217026e-14,36
train,11,m1,1.8859739142032712e-15,37
train,11,m1,2.3383716702329513e-15,38
train,11,m1,2.3439794518602484e-16,39
train,11,m1,1.1065903120726197e-16,40
test,11,m1,7.560389663675215e-28,41
test,11,m1,1.3537296473421297e-23,42
test,11,m1,2.667311133991686e-21,43
test,11,m1,7.268203902827153e-22,44
test,11,m1,1.2785215355936437e-20,45
test,11,m1,1.4738589637109958e-23,46
test,11,m1,3.855053738107459e-18,47
test,11,m1,8.793645616538999e-21,48
test,11,m1,6.528180177179798e-22,49
test,11,m1,1.1359266033690578e-18,50
test,11,m1,1.4527875461869628e-18,51
test,11,m1,2.3968711131702723e-19,52
test,11,m1,8.169498773008493e-18,53
test,11,m1,4.2362604274657077e-20,54
test,11,m1,1.038412762497019e-18,55
test,11,m1,1.0302734707056198e-17,56
test,11,m1,1.8230276171556512e-19,57
test,11,m1,2.060320169846308e-18,58
test,11,m1,3.517643126652384e-17,59
test,11,m1,2.168611140124147e-17,60
test,11,m1,2.0321248769465414e-21,61
test,11,m1,1.366695601328694e-16,62
test,11,m1,2.4814038639329092e-17,63
test,11,m1,3.731073633151327e-19,64
train,12,m1,1.0015196822678199e-30,1
train,12,m1,4.673174137205823e-22,2
train,12,m1,7.419193772252412e-15,3
train,12,m1,1.892829968284937e-13,4
train,12,m1,2.8756037344546697e-21,5
train,12,m1,8.427762241233142e-19,6
train,12,m1,2.175871448620824e-14,7
train,12,m1,9.658461740623663e-15,8
train,12,m1,2.8772370228545563e-13,9
train,12,m1,2.137914260797151e-18,10
train,12,m1,2.865512189510755e-13,11
train,12,m1,1.4469503001909682e-14,12
train,12,m1,6.884671619184336e-16,13
train,12,m1,6.4693077317953904e-15,14
train,12,m1,4.9438856735686473e-14,15
train,12,m1,1.7345463931512717e-16,16
train,12,m1,1.1601648495249226e-14,17
train,12,m1,1.122945798306095e-14,18
train,12,m1,1.2611726814520507e-14,19
train,12,m1,6.494705760608926e-14,20
train,12,m1,3.8307095532761834e-14,21
train,12,m1,2.538894353814377e-14,22
train,12,m1,9.264193145258615e-14,23
train,12,m1,1.4090226212084677e-14,24
train,12,m1,9.490877119042347e-15,25
train,12,m1,1.4920324429624522e-14,26
train,12,m1,1.0276953340247492e-14,27
train,12,m1,1.1395287382968966e-13,28
train,12,m1,3.563242298334872e-14,29
train,12,m1,6.312989410742209e-14,30
train,12,m1,1.2635592814842344e-14,31
train,12,m1,3.4520058659432903e-14,32
train,12,m1,3.734568942070568e-14,33
train,12,m1,8.464155449390467e-15,34
train,12,m1,1.813999618850942e-15,35
train,12,m1,1.8011752435679804e-14,36
train,12,m1,1.7971196498165268e-14,37
train,12,m1,2.118022825268323e-14,38
train,12,m1,1.8626900372744346e-15,39
train,12,m1,1.1018989269206275e-13,40
test,12,m1,6.643634451388835e-23,41
test,12,m1,5.660000869883406e-24,42
test,12,m1,7.478384013933503e-21,43
test,12,m1,1.2557243894440682e-21,44
test,12,m1,2.3217845685475954e-19,45
test,12,m1,1.0675646299984794e-20,46
test,12,m1,7.995962070759156e-20,47
test,12,m1,1.5772193951551257e-19,48
test,12,m1,3.733801519715162e-19,49
test,12,m1,5.811599860808351e-19,50
test,12,m1,4.1467132793954408e-19,51
test,12,m1,2.261765635770455e-19,52
test,12,m1,9.611403317133598e-21,53
test,12,m1,1.915287697915242e-18,54
test,12,m1,5.233749062466822e-19,55
test,12,m1,6.807495850012874e-19,56
test,12,m1,8.416250472045818e-19,57
test,12,m1,4.1740160557233727e-20,58
test,12,m1,6.67975434801631e-19,59
test,12,m1,7.043725191273064e-19,60
test,12,m1,1.7554011301342545e-18,61
test,12,m1,1.9021489678606027e-18,62
test,12,m1,3.993921711146959e-20,63
test,12,m1,1.6818585698236962e-18,64
train,13,m1,4.361815199036898e-32,1
train,13,m1,8.109500707962568e-22,2
train,13,m1,4.971301588972427e-15,3
train,13,m1,1.1966739526860823e-20,4
train,13,m1,5.842216400218352e-20,5
train,13,m1,6.093557140129805e-16,6
train,13,m1,3.135472660521321e-15,7
train,13,m1,2.4099641125447464e-16,8
train,13,m1,4.1690228575038788e-19,9
train,13,m1,1.1152347837436204e-18,10
train,13,m1,2.8642715572935705e-15,11
train,13,m1,7.351179436165016e-19,12
train,13,m1,2.3879839146129407e-14,13
train,13,m1,1.809004030286273e-16,14
train,13,m1,2.0264473828352295e-14,15
train,13,m1,1.0900603582278336e-15,16
train,13,m1,1.1687165788636968e-15,17
train,13,m1,4.8179118234538846e-17,18
train,13,m1,5.036409266154052e-17,19
train,13,m1,2.4671538819071373e-14,20
train,13,m1,3.096141334125168e-17,21
train,13,m1,3.9482005616535854e-15,22
train,13,m1,1.80805789448419e-15,23
train,13,m1,1.9224206831324397e-17,24
train,13,m1,3.000602780703571e-15,25
train,13,m1,2.3936451440192096e-14,26
train,13,m1,1.6032250850741497e-17,27
train,13,m1,6.289661678682528e-17,28
train,13,m1,3.0417262302927673e-15,29
train,13,m1,4.502158838608477e-15,30
train,13,m1,4.086122936455003e-16,31
train,13,m1,2.1550161422067074e-15,32
train,13,m1,1.508426712717e-18,33
train,13,m1,1.4538329511071778e-14,34
train,13,m1,2.7414217102720694e-15,35
train,13,m1,3.726598213806139e-17,36
train,13,m1,2.271961153808054e-19,37
train,13,m1,5.4486330303539585e-15,38
train,13,m1,2.665154757822174e-16,39
train,13,m1,3.310916689061973e-15,40
test,13,m1,3.385278322657387e-28,41
test,13,m1,8.207146352572931e-24,42
test,13,m1,8.41805391965164e-21,43
test,13,m1,2.3255585154688833e-20,44
test,13,m1,2.829752361852838e-22,45
test,13,m1,2.7398571080695927e-18,46
test,13,m1,6.408002203870298e-21,47
test,13,m1,1.2086688238258604e-22,48
test,13,m1,5.871904429390763e-19,49
test,13,m1,1.8949423118700993e-19,50
test,13,m1,2.4468580899512492e-20,51
test,13,m1,1.9121113657220688e-17,52
test,13,m1,6.661812883248096e-17,53
test,13,m1,1.2083676734323283e-16,54
test,13,m1,1.6636330150439798e-19,55
test,13,m1,1.971650337288533e-18,56
test,13,m1,1.1981112955811608e-16,57
test,13,m1,1.2171040407334806e-17,58
test,13,m1,2.4073470454355267e-18,59
test,13,m1,2.2724589014698514e-16,60
test,13,m1,7.177162348774939e-19,61
test,13,m1,3.2653314504097228e-18,62
test,13,m1,1.4387114012954388e-16,63
test,13,m1,1.1728427435291103e-18,64
train,14,m1,1.2117906071101416e-30,1
train,14,m1,3.310406447363704e-22,2
train,14,m1,6.907274769896024e-20,3
train,14,m1,2.295384377582881e-16,4
train,14,m1,2.4909107284227223e-22,5
train,14,m1,2.290018370922466e-15,6
train,14,m1,2.3237141038938945e-14,7
train,14,m1,3.2526116954132774e-21,8
train,14,m1,2.0505170098775866e-14,9
train,14,m1,3.768287454934322e-18,10
train,14,m1,4.157643437214563e-18,11
train,14,m1,5.825184491671173e-15,12
train,14,m1,6.926031658972335e-18,13
train,14,m1,2.2044876097108632e-14,14
train,14,m1,1.876916252085102e-14,15
train,14,m1,6.477128132887505e-14,16
train,14,m1,1.2511088153300761e-18,17
train,14,m1,2.775955328234922e-14,18
train,14,m1,3.0615114799846174e-14,19
train,14,m1,5.87804273571163e-14,20
train,14,m1,1.4246975588204716e-15,21
train,14,m1,1.2436799094912854e-13,22
train,14,m1,1.5025740790109423e-17,23
train,14,m1,4.528587960628706e-15,24
train,14,m1,3.295351075610191e-18,25
train,14,m1,1.8849967161148256e-17,26
train,14,m1,2.457938671660779e-14,27
train,14,m1,2.9581393249918184e-15,28
train,14,m1,3.289147518801064e-14,29
train,14,m1,6.741516168955663e-15,30
train,14,m1,1.2454019722069809e-17,31
train,14,m1,2.351919623411105e-14,32
train,14,m1,8.677301642332347e-18,33
train,14,m1,1.9590061113550737e-14,34
train,14,m1,7.803118145832218e-18,35
train,14,m1,9.044285773866095e-15,36
train,14,m1,2.9280709259137117e-15,37
train,14,m1,2.232575730461584e-14,38
train,14,m1,6.3633114416004735e-18,39
train,14,m1,9.976911400440443e-15,40
test,14,m1,9.729525783981356e-23,41
test,14,m1,1.1825719166859561e-21,42
test,14,m1,5.583131477021953e-21,43
test,14,m1,7.159094720868735e-21,44
test,14,m1,1.6003690785731879e-19,45
test,14,m1,9.067433675123528e-20,46
test,14,m1,9.646577718653995e-20,47
test,14,m1,2.805399526462359e-20,48
test,14,m1,1.1490665741946158e-18,49
test,14,m1,4.2093347808736146e-18,50
test,14,m1,1.4164528364493527e-19,51
test,14,m1,2.432997709435643e-19,52
test,14,m1,5.949678535522413e-19,53
test,14,m1,2.7579970690429555e-21,54
test,14,m1,1.3415506755550928e-18,55
test,14,m1,2.350630786350369e-18,56
test,14,m1,6.700192429988846e-19,57
test,14,m1,1.443626045274086e-17,58
test,14,m1,1.5219765256866839e-19,59
test,14,m1,4.828065051882667e-19,60
test,14,m1,4.720272085692615e-17,61
test,14,m1,3.8806942691450716e-18,62
test,14,m1,1.1112965768472554e-18,63
test,14,m1,4.106501444879824e-19,64
train,17,m1,1.0386432044600087e-30,1
train,17,m1,2.420589521629659e-22,2
train,17,m1,1.2991069268010488e-19,3
train,17,m1,4.468767262098954e-19,4
train,17,m1,4.253866876331019e-18,5
train,17,m1,3.509372064989405e-18,6
train,17,m1,1.2065769928422735e-16,7
train,17,m1,6.72053278057201e-17,8
train,17,m1,1.1806045803992925e-16,9
train,17,m1,4.5485199428968e-17,10
train,17,m1,2.986294726628331e-17,11
train,17,m1,3.3623667672973997e-17,12
train,17,m1,1.0396257401472668e-17,13
train,17,m1,1.8594515590018405e-18,14
train,17,m1,7.634021749111066e-18,15
train,17,m1,9.269955277175212e-20,16
train,17,m1,1.888218088292352e-17,17
train,17,m1,9.863253647606774e-18,18
train,17,m1,1.9111122969782273e-17,19
train,17,m1,1.550141224212896e-18,20
train,17,m1,5.59823637661854e-19,21
train,17,m1,4.052749439218538e-19,22
train,17,m1,1.702942162866754e-18,23
train,17,m1,1.3091650242895085e-17,24
train,17,m1,9.951867852268355e-19,25
train,17,m1,2.982544455167138e-18,26
train,17,m1,6.238816909467103e-24,27
train,17,m1,1.94395252534944e-17,28
train,17,m1,4.323559582974391e-19,29
train,17,m1,1.1051386630888471e-20,30
train,17,m1,2.9799092645306973e-18,31
train,17,m1,1.81035652849044e-18,32
train,17,m1,8.5462574149450115e-19,33
train,17,m1,2.228205574150683e-18,34
train,17,m1,2.2468330546975694e-20,35
train,17,m1,5.709708528435893e-20,36
train,17,m1,1.6351948040783481e-19,37
train,17,m1,8.845325987130236e-20,38
train,17,m1,7.166325248774729e-19,39
train,17,m1,3.7091039228770715e-18,40
test,17,m1,7.168249672554878e-24,41
test,17,m1,2.6525521396784016e-21,42
test,17,m1,3.0672853223908507e-22,43
test,17,m1,1.452024335150873e-22,44
test,17,m1,4.193407867312129e-21,45
test,17,m1,1.78746957831444e-19,46
test,17,m1,9.865324339173936e-21,47
test,17,m1,1.2121736306923582e-17,48
test,17,m1,1.4343831911479643e-18,49
test,17,m1,1.211435268598078e-18,50
test,17,m1,2.328832095667759e-18,51
test,17,m1,4.179399858967872e-17,52
test,17,m1,4.364181337182316e-18,53
test,17,m1,2.683753748459306e-16,54
test,17,m1,2.5947591143867243e-20,55
test,17,m1,8.712432830128086e-18,56
test,17,m1,4.1509257214802854e-16,57
test,17,m1,2.3966549088376662e-17,58
test,17,m1,5.140933710871661e-18,59
test,17,m1,1.4526330495280533e-16,60
test,17,m1,7.616855269858753e-18,61
test,17,m1,1.845894962117158e-16,62
test,17,m1,6.825039316829358e-19,63
test,17,m1,6.922932006421946e-19,64
train,21,m1,1.819678067961325e-31,1
train,21,m1,4.72106272731817e-23,2
train,21,m1,3.089829578666874e-21,3
train,21,m1,4.5981047884079235e-17,4
train,21,m1,5.1836116809860283e-17,5
train,21,m1,6.218405528303128e-18,6
train,21,m1,7.044545554107912e-22,7
train,21,m1,1.7040581039593432e-16,8
train,21,m1,2.478626646385293e-18,9
train,21,m1,8.992121328974824e-24,10
train,21,m1,5.0891579947901295e-18,11
train,21,m1,2.1188740106622524e-18,12
train,21,m1,8.0393197765418885e-19,13
train,21,m1,1.7466360658697012e-19,14
train,21,m1,7.076250449946532e-19,15
train,21,m1,8.780277279240891e-20,16
train,21,m1,3.4036681020773255e-18,17
train,21,m1,2.2556048850410394e-20,18
train,21,m1,4.881498334514178e-19,19
train,21,m1,4.871478075368864e-19,20
train,21,m1,4.553929538666774e-18,21
train,21,m1,9.131477358568622e-19,22
train,21,m1,4.288371061222444e-18,23
train,21,m1,3.499293696406059e-18,24
train,21,m1,6.286173127167147e-18,25
train,21,m1,2.6183184137667136e-20,26
train,21,m1,9.45622122922658e-19,27
train,21,m1,3.113864288794818e-19,28
train,21,m1,1.0078245333434819e-17,29
train,21,m1,3.8242940447526974e-19,30
train,21,m1,1.3415817465268518e-19,31
train,21,m1,7.88157771408083e-22,32
train,21,m1,4.388359619692088e-19,33
train,21,m1,8.702290949583333e-20,34
train,21,m1,3.156762392349701e-19,35
train,21,m1,3.5111684427859287e-19,36
train,21,m1,3.6256415153927447e-20,37
train,21,m1,1.8603019265209391e-19,38
train,21,m1,6.549134774475944e-19,39
train,21,m1,2.0510716185137175e-19,40
test,21,m1,7.498435958019646e-30,41
test,21,m1,2.876216750868546e-26,42
test,21,m1,6.171961736610527e-24,43
test,21,m1,1.1629117358794208e-22,44
test,21,m1,1.4320468429338217e-22,45
test,21,m1,1.433145018093246e-20,46
test,21,m1,2.3105180454871964e-20,47
test,21,m1,2.736003374569904e-22,48
test,21,m1,5.127854175929608e-20,49
test,21,m1,2.5489252002233583e-22,50
test,21,m1,4.04297371534181e-19,51
test,21,m1,4.371019458360533e-21,52
test,21,m1,4.914757198993404e-19,53
test,21,m1,7.948007825710043e-19,54
test,21,m1,7.423785731419741e-20,55
test,21,m1,3.1908064063266046e-18,56
test,21,m1,3.4267649202531924e-21,57
test,21,m1,8.270367348252317e-19,58
test,21,m1,1.4368716929349962e-20,59
test,21,m1,3.999375093205671e-19,60
test,21,m1,1.7884349239386836e-20,61
test,21,m1,2.36560455843282e-20,62
test,21,m1,9.814938700111799e-20,63
test,21,m1,2.6828239612616447e-20,64
train,24,m1,5.367406662080599e-29,1
train,24,m1,8.191471055297466e-22,2
train,24,m1,1.9338356432367735e-16,3
train,24,m1,3.5183413994382766e-16,4
train,24,m1,3.097164849125726e-22,5
train,24,m1,5.933836346581403e-20,6
train,24,m1,1.8370247073620578e-17,7
train,24,m1,1.9480710576193416e-17,8
train,24,m1,1.6998241055477354e-19,9
train,24,m1,3.6892790483103136e-23,10
train,24,m1,1.4204573780609656e-17,11
train,24,m1,1.08946490233772e-18,12
train,24,m1,3.3328972172042792e-18,13
train,24,m1,4.398139996459762e-18,14
train,24,m1,5.573612864144061e-18,15
train,24,m1,1.5138943765659755e-18,16
train,24,m1,3.537747255132118e-18,17
train,24,m1,6.69778192228629e-18,18
train,24,m1,1.4356148630800557e-18,19
train,24,m1,5.904519902449788e-20,20
train,24,m1,9.469589501901203e-19,21
train,24,m1,1.9418413846503245e-19,22
train,24,m1,5.357891191425438e-18,23
train,24,m1,4.3103699296132916e-18,24
train,24,m1,1.8484492038248785e-19,25
train,24,m1,2.8976387079867857e-18,26
train,24,m1,4.690791327302195e-19,27
train,24,m1,6.49215650593176e-19,28
train,24,m1,3.028111560366e-18,29
train,24,m1,7.069639725888585e-19,30
train,24,m1,2.2024941123755442e-18,31
train,24,m1,6.981548384394411e-23,32
train,24,m1,3.9480768154339475e-18,33
train,24,m1,1.887088904038156e-18,34
train,24,m1,7.793130146730794e-19,35
train,24,m1,9.869769142496701e-19,36
train,24,m1,2.1447666249915404e-18,37
train,24,m1,2.0132963995887404e-18,38
train,24,m1,1.4768640984060878e-20,39
train,24,m1,3.9908696085570947e-19,40
test,24,m1,3.9675963650350324e-20,41
test,24,m1,2.3144235658246685e-20,42
test,24,m1,1.5226387871646091e-19,43
test,24,m1,5.943534393028734e-20,44
test,24,m1,5.543014832900265e-20,45
test,24,m1,1.1161014622304228e-18,46
test,24,m1,6.497633165369897e-18,47
test,24,m1,4.164619051320223e-18,48
test,24,m1,1.1803019481003838e-17,49
test,24,m1,8.790902491757317e-18,50
test,24,m1,8.503188576141819e-20,51
test,24,m1,1.600806967309958e-19,52
test,24,m1,1.3540270665836242e-19,53
test,24,m1,5.0610989530775345e-17,54
test,24,m1,1.107660270194957e-17,55
test,24,m1,5.533878623034617e-19,56
test,24,m1,1.558399898846202e-18,57
test,24,m1,1.1891387185842878e-18,58
test,24,m1,5.1749440689373914e-18,59
test,24,m1,1.8923458436260836e-18,60
test,24,m1,1.7437943385740636e-18,61
test,24,m1,1.3042651992515353e-18,62
test,24,m1,8.107839075787565e-18,63
test,24,m1,6.644504692447216e-20,64
train,25,m1,9.44002249974458e-32,1
train,25,m1,3.830567595775801e-21,2
train,25,m1,2.931907349890063e-15,3
train,25,m1,8.167159498158258e-22,4
train,25,m1,4.6010945758633293e-20,5
train,25,m1,2.1304958089331163e-15,6
train,25,m1,1.2827475423548597e-14,7
train,25,m1,1.501688110341383e-14,8
train,25,m1,3.501350519773263e-20,9
train,25,m1,9.467974638550346e-18,10
train,25,m1,6.784900349481081e-15,11
train,25,m1,1.4515463327265056e-16,12
train,25,m1,7.6426554632982e-16,13
train,25,m1,5.011871502530593e-15,14
train,25,m1,2.6265185146034714e-15,15
train,25,m1,2.4914840562840698e-14,16
train,25,m1,3.7157929850749306e-16,17
train,25,m1,2.513614951965104e-15,18
train,25,m1,2.4662785580594447e-14,19
train,25,m1,5.10224119356327e-14,20
train,25,m1,3.829266547947241e-15,21
train,25,m1,6.904627715421648e-16,22
train,25,m1,2.3682807424136795e-14,23
train,25,m1,7.0692416865778245e-15,24
train,25,m1,1.4717044992612963e-14,25
train,25,m1,1.5558510815821434e-15,26
train,25,m1,1.836162617080677e-14,27
train,25,m1,3.5166615848731056e-14,28
train,25,m1,1.7606860946013355e-15,29
train,25,m1,3.299327372519403e-15,30
train,25,m1,3.696070616991502e-14,31
train,25,m1,1.8053742823490515e-15,32
train,25,m1,2.062430358874129e-15,33
train,25,m1,2.3615314144833678e-14,34
train,25,m1,8.893435982223682e-15,35
train,25,m1,8.81192007247877e-15,36
train,25,m1,1.1659824412132546e-14,37
train,25,m1,9.851708919407943e-15,38
train,25,m1,4.1247133340154354e-14,39
train,25,m1,3.954231700935832e-17,40
test,25,m1,1.1392045093024845e-21,41
test,25,m1,3.9946239745623197e-19,42
test,25,m1,1.8675004658016819e-19,43
test,25,m1,6.526327300685615e-22,44
test,25,m1,3.4573608092284488e-18,45
test,25,m1,1.5748731387066496e-17,46
test,25,m1,3.781605889977038e-18,47
test,25,m1,1.0371702338193878e-18,48
test,25,m1,4.5270395513139e-18,49
test,25,m1,4.181887687378186e-17,50
test,25,m1,1.691186918236004e-20,51
test,25,m1,1.5854658688743965e-18,52
test,25,m1,1.0278249023551286e-19,53
test,25,m1,3.2324428319726757e-17,54
test,25,m1,2.325712177192362e-18,55
test,25,m1,5.219205676334491e-19,56
test,25,m1,5.292148944291255e-18,57
test,25,m1,2.642696804191359e-17,58
test,25,m1,1.667263303957322e-21,59
test,25,m1,5.082121169319141e-19,60
test,25,m1,3.515984546806154e-18,61
test,25,m1,2.427479243449242e-21,62
test,25,m1,3.6375794764659895e-19,63
test,25,m1,5.240715215694226e-20,64
train,26,m1,1.2991355925965792e-29,1
train,26,m1,4.592581582773548e-22,2
train,26,m1,1.8178509437735548e-22,3
train,26,m1,5.71424837481104e-17,4
train,26,m1,9.927991647846481e-16,5
train,26,m1,4.093196141329332e-18,6
train,26,m1,1.4135164745217602e-19,7
train,26,m1,1.4404394146822866e-17,8
train,26,m1,2.0384103309047894e-16,9
train,26,m1,3.2648742015107157e-16,10
train,26,m1,1.2382314523161186e-25,11
train,26,m1,2.9074951191963654e-16,12
train,26,m1,7.615426728940874e-18,13
train,26,m1,2.783661284587951e-18,14
train,26,m1,1.3428910183401584e-19,15
train,26,m1,2.817938325683168e-17,16
train,26,m1,2.498848730820377e-18,17
train,26,m1,4.415783345335212e-18,18
train,26,m1,1.5947679284528616e-18,19
train,26,m1,4.355411372034192e-22,20
train,26,m1,1.8557419848267852e-17,21
train,26,m1,2.1698252758272525e-17,22
train,26,m1,1.7182685788464429e-18,23
train,26,m1,2.910094186855456e-17,24
train,26,m1,4.7187697421695205e-20,25
train,26,m1,7.416480692635132e-18,26
train,26,m1,8.478921397565592e-18,27
train,26,m1,1.0282904499436311e-19,28
train,26,m1,1.769991148573618e-17,29
train,26,m1,2.109915892782487e-17,30
train,26,m1,2.2670863716631257e-18,31
train,26,m1,3.317637141109717e-17,32
train,26,m1,3.9696458988730886e-20,33
train,26,m1,2.394146276834946e-18,34
train,26,m1,9.455914526165082e-20,35
train,26,m1,3.400229822463672e-19,36
train,26,m1,1.4293427867648877e-17,37
train,26,m1,2.6228054162254163e-19,38
train,26,m1,1.3058754614102347e-19,39
train,26,m1,7.580326974008411e-18,40
test,26,m1,2.142407243475481e-26,41
test,26,m1,3.975831699281015e-22,42
test,26,m1,8.860992400191079e-19,43
test,26,m1,4.45210319167119e-20,44
test,26,m1,1.966378598922459e-20,45
test,26,m1,1.3571949744592463e-20,46
test,26,m1,2.1688536074412017e-19,47
test,26,m1,2.0650683106394544e-17,48
test,26,m1,1.7510646357729453e-18,49
test,26,m1,5.0797364076131505e-18,50
test,26,m1,4.060804658440429e-17,51
test,26,m1,8.01947170182077e-17,52
test,26,m1,1.164201394464922e-19,53
test,26,m1,5.1543043410110295e-17,54
test,26,m1,1.759142468044832e-18,55
test,26,m1,8.322639605345928e-20,56
test,26,m1,3.9546222956210796e-18,57
test,26,m1,1.5125539045339392e-19,58
test,26,m1,1.1231480691121549e-17,59
test,26,m1,2.5879131285303396e-17,60
test,26,m1,4.798747703022256e-17,61
test,26,m1,1.5211679411282768e-17,62
test,26,m1,4.602592574103269e-18,63
test,26,m1,2.5124127144279295e-17,64
train,28,m1,2.1863273337723503e-31,1
train,28,m1,5.704765902132658e-22,2
train,28,m1,9.371541336280785e-22,3
train,28,m1,8.495824245309396e-21,4
train,28,m1,2.1959037989992118e-16,5
train,28,m1,1.1794849004503346e-18,6
train,28,m1,4.1993415291753e-17,7
train,28,m1,6.055104255555945e-20,8
train,28,m1,2.347891155889787e-16,9
train,28,m1,6.720477988128234e-16,10
train,28,m1,2.0934277678069164e-16,11
train,28,m1,4.235149489678451e-15,12
train,28,m1,2.0501799331162267e-15,13
train,28,m1,4.263994349664249e-15,14
train,28,m1,7.316809511785996e-15,15
train,28,m1,2.4132736290883466e-16,16
train,28,m1,9.485327359171937e-15,17
train,28,m1,9.760577041659547e-17,18
train,28,m1,1.2916529820644954e-16,19
train,28,m1,2.181030048676192e-14,20
train,28,m1,3.025711801875504e-15,21
train,28,m1,1.4201857531236269e-14,22
train,28,m1,7.522026960180873e-15,23
train,28,m1,2.1016903359793657e-14,24
train,28,m1,2.2276871221581533e-16,25
train,28,m1,1.9538036349930378e-14,26
train,28,m1,4.8551826892662825e-15,27
train,28,m1,2.207832373412981e-14,28
train,28,m1,9.799248066168646e-17,29
train,28,m1,1.1510450998917197e-14,30
train,28,m1,7.542267659488462e-15,31
train,28,m1,4.663571915270372e-19,32
train,28,m1,4.271362689272414e-15,33
train,28,m1,5.024585043552406e-15,34
train,28,m1,2.6987437500838696e-17,35
train,28,m1,5.957055001352916e-17,36
train,28,m1,7.038301690596993e-16,37
train,28,m1,4.0923565530075905e-18,38
train,28,m1,8.419249150658833e-15,39
train,28,m1,4.07307312335313e-15,40
test,28,m1,1.1924786685919932e-23,41
test,28,m1,1.7071686292818967e-20,42
test,28,m1,1.3458013499278496e-18,43
test,28,m1,3.836779124408835e-21,44
test,28,m1,1.4861737013547514e-16,45
test,28,m1,5.352182714620633e-19,46
test,28,m1,8.602689487858921e-16,47
test,28,m1,9.878521747353278e-18,48
test,28,m1,1.9531231459285704e-18,49
test,28,m1,1.671653270375354e-16,50
test,28,m1,1.7616000431514229e-15,51
test,28,m1,1.0970529196098833e-17,52
test,28,m1,7.306172118983351e-21,53
test,28,m1,3.150586692915653e-17,54
test,28,m1,5.9604451183754034e-18,55
test,28,m1,6.0245005923754005e-21,56
test,28,m1,5.778581850643985e-17,57
test,28,m1,9.37940228922776e-16,58
test,28,m1,1.8135293865250403e-18,59
test,28,m1,2.0209246591977045e-17,60
test,28,m1,2.059032373709655e-17,61
test,28,m1,8.815863328485594e-17,62
test,28,m1,4.0199182788147905e-18,63
test,28,m1,4.376945875543255e-16,64
train,29,m1,1.3340037454995968e-30,1
train,29,m1,1.3825100384005424e-22,2
train,29,m1,2.15572896530637e-20,3
train,29,m1,2.4826443039794937e-17,4
train,29,m1,6.233281577526506e-16,5
train,29,m1,4.433727470316276e-15,6
train,29,m1,3.505115641711391e-17,7
train,29,m1,5.2754757790126564e-15,8
train,29,m1,1.0921270921493545e-16,9
train,29,m1,1.5145219088658827e-15,10
train,29,m1,9.93036948108766e-15,11
train,29,m1,1.75203835407799e-14,12
train,29,m1,1.1626512300382929e-14,13
train,29,m1,2.288946281321126e-14,14
train,29,m1,3.5201713505933485e-14,15
train,29,m1,2.6736757610407863e-14,16
train,29,m1,1.2112130688603923e-15,17
train,29,m1,3.9881123306117344e-14,18
train,29,m1,6.302708633048205e-15,19
train,29,m1,6.353280735164023e-16,20
train,29,m1,4.6710093509294646e-15,21
train,29,m1,4.0733221510396225e-15,22
train,29,m1,2.0879179190701896e-14,23
train,29,m1,7.381107571053833e-16,24
train,29,m1,3.673945269376273e-15,25
train,29,m1,2.6067165783625603e-15,26
train,29,m1,9.034765970571904e-15,27
train,29,m1,7.940263877447788e-15,28
train,29,m1,1.263680661305576e-14,29
train,29,m1,1.0382983865793601e-15,30
train,29,m1,1.897304335125513e-14,31
train,29,m1,1.4696384164963536e-14,32
train,29,m1,8.009234551617506e-14,33
train,29,m1,4.113891786665102e-17,34
train,29,m1,1.8838122861218783e-14,35
train,29,m1,2.9011119847849754e-15,36
train,29,m1,5.856517484469751e-17,37
train,29,m1,1.0536332828146888e-15,38
train,29,m1,8.302382029692687e-17,39
train,29,m1,3.0915912716558648e-15,40
test,29,m1,5.057579182290865e-28,41
test,29,m1,8.433415326017474e-24,42
test,29,m1,2.8683382371651628e-21,43
test,29,m1,7.464796441461325e-20,44
test,29,m1,7.374980875867224e-17,45
test,29,m1,3.7263349222171636e-20,46
test,29,m1,2.226946501860801e-19,47
test,29,m1,1.8984384010688123e-17,48
test,29,m1,1.1381404894128294e-15,49
test,29,m1,2.52644094281452e-19,50
test,29,m1,7.03301726379731e-16,51
test,29,m1,1.3896539165120421e-18,52
test,29,m1,5.671681743207123e-19,53
test,29,m1,1.1061441722092392e-19,54
test,29,m1,1.2352549683123082e-18,55
test,29,m1,3.4524831319513767e-18,56
test,29,m1,7.287049326821571e-16,57
test,29,m1,2.2918944694912954e-17,58
test,29,m1,2.1255439815315737e-19,59
test,29,m1,1.3928339089794257e-18,60
test,29,m1,3.7930519500044523e-19,61
test,29,m1,8.524607409977508e-18,62
test,29,m1,5.789485704119628e-19,63
test,29,m1,3.782920875540426e-16,64
train,33,m1,6.265604707326396e-32,1
train,33,m1,4.742752931223765e-22,2
train,33,m1,6.640847487852223e-21,3
train,33,m1,7.72480813006121e-18,4
train,33,m1,1.6821043334554919e-16,5
train,33,m1,1.5128433277924411e-16,6
train,33,m1,1.1153680086258976e-15,7
train,33,m1,7.011868756928502e-15,8
train,33,m1,2.279058188101469e-14,9
train,33,m1,5.179773507357245e-14,10
train,33,m1,7.570165197826051e-14,11
train,33,m1,6.313327546294753e-14,12
train,33,m1,1.7563455801422492e-16,13
train,33,m1,1.0319019537506982e-14,14
train,33,m1,2.484126135181156e-15,15
train,33,m1,2.3258785695356608e-15,16
train,33,m1,6.942859373353094e-14,17
train,33,m1,6.411252199469699e-16,18
train,33,m1,2.7343871016451225e-15,19
train,33,m1,5.5569232280451054e-15,20
train,33,m1,5.3377610762395805e-15,21
train,33,m1,1.5249684382021705e-13,22
train,33,m1,2.9329593224589057e-14,23
train,33,m1,3.974979931797504e-15,24
train,33,m1,3.777272277512983e-15,25
train,33,m1,4.2404888465647633e-14,26
train,33,m1,2.3847238542055484e-15,27
train,33,m1,1.4273825473841493e-15,28
train,33,m1,2.6462683583181263e-15,29
train,33,m1,3.7284579805209545e-16,30
train,33,m1,4.062050260094036e-15,31
train,33,m1,5.508296337092657e-15,32
train,33,m1,1.1294261085723588e-15,33
train,33,m1,1.3390624219739434e-15,34
train,33,m1,4.606224459475193e-16,35
train,33,m1,7.167216928795545e-17,36
train,33,m1,7.698523638916726e-17,37
train,33,m1,7.004920651541293e-16,38
train,33,m1,1.1328665975854281e-16,39
train,33,m1,6.229667923215282e-16,40
test,33,m1,2.238650923992048e-25,41
test,33,m1,3.2885565030691065e-25,42
test,33,m1,5.766438795267347e-23,43
test,33,m1,6.527809601880961e-22,44
test,33,m1,1.768343967017735e-20,45
test,33,m1,3.348872709274692e-24,46
test,33,m1,2.2761739547794244e-22,47
test,33,m1,3.7426743242545e-20,48
test,33,m1,4.236766429356043e-20,49
test,33,m1,2.1161105682567747e-21,50
test,33,m1,5.551185826388641e-20,51
test,33,m1,6.527650309028527e-19,52
test,33,m1,5.144246569224936e-20,53
test,33,m1,9.544462272034323e-20,54
test,33,m1,1.2798716615665986e-21,55
test,33,m1,4.2279721423514117e-19,56
test,33,m1,2.4889474305869054e-19,57
test,33,m1,6.070451040858218e-19,58
test,33,m1,7.684003827431853e-21,59
test,33,m1,8.176624003407448e-19,60
test,33,m1,3.369954171938922e-20,61
test,33,m1,3.913743805230533e-19,62
test,33,m1,8.283743375745183e-20,63
test,33,m1,2.123916277494177e-20,64
train,37,m1,8.842997735169572e-32,1
train,37,m1,4.6438969720364004e-21,2
train,37,m1,3.323314922069171e-15,3
train,37,m1,1.8361184019608304e-14,4
train,37,m1,1.192337383603868e-22,5
train,37,m1,1.3405339671846885e-18,6
train,37,m1,1.1841518908549224e-14,7
train,37,m1,1.1215301203776134e-16,8
train,37,m1,1.537206573512008e-14,9
train,37,m1,1.0992894298705888e-18,10
train,37,m1,4.784235209604262e-14,11
train,37,m1,9.716246328285352e-15,12
train,37,m1,1.2332254434562818e-15,13
train,37,m1,3.3279894851468306e-15,14
train,37,m1,1.9532243068087632e-15,15
train,37,m1,1.726294531384286e-19,16
train,37,m1,7.729561043686491e-16,17
train,37,m1,2.9233014951459595e-15,18
train,37,m1,4.14480410849136e-15,19
train,37,m1,5.368773917053876e-15,20
train,37,m1,1.407714209414844e-14,21
train,37,m1,1.637802048624589e-15,22
train,37,m1,9.629078167683412e-15,23
train,37,m1,2.783725076756791e-16,24
train,37,m1,4.052840047342066e-15,25
train,37,m1,2.3680269289910348e-15,26
train,37,m1,7.789383592619274e-15,27
train,37,m1,1.2858282858873183e-14,28
train,37,m1,1.2206359927612411e-15,29
train,37,m1,1.4213409366570923e-14,30
train,37,m1,7.45705148631347e-16,31
train,37,m1,2.401981472879497e-14,32
train,37,m1,8.433044776270764e-15,33
train,37,m1,6.824453399986068e-15,34
train,37,m1,6.789457704374665e-16,35
train,37,m1,7.440964080713844e-17,36
train,37,m1,6.641398145139626e-15,37
train,37,m1,3.347129041622989e-15,38
train,37,m1,1.6055117431594913e-17,39
train,37,m1,6.704128981696806e-15,40
test,37,m1,4.717780717744317e-27,41
test,37,m1,1.0051035354462861e-23,42
test,37,m1,8.417509365813322e-22,43
test,37,m1,9.567425596466749e-23,44
test,37,m1,4.093826039365791e-18,45
test,37,m1,1.529908024538331e-20,46
test,37,m1,2.0513631673678998e-20,47
test,37,m1,6.452181968854369e-20,48
test,37,m1,5.771834290233206e-18,49
test,37,m1,1.408582290469093e-18,50
test,37,m1,4.28199349869966e-19,51
test,37,m1,6.950405776492129e-19,52
test,37,m1,1.926706693626989e-19,53
test,37,m1,2.838168609546074e-19,54
test,37,m1,7.02455011069832e-18,55
test,37,m1,8.426691042339886e-19,56
test,37,m1,3.0245839245666756e-17,57
test,37,m1,1.0220963147216809e-18,58
test,37,m1,2.1233684965205593e-18,59
test,37,m1,2.225523647809633e-18,60
test,37,m1,2.2143103874258642e-18,61
test,37,m1,7.640423299871613e-18,62
test,37,m1,1.0921224268506997e-17,63
test,37,m1,1.2162149042930473e-17,64
train,39,m1,7.410091633063823e-31,1
train,39,m1,8.679617476628857e-21,2
train,39,m1,1.4254967478220416e-21,3
train,39,m1,6.950478154795727e-20,4
train,39,m1,4.2966351745682774e-17,5
train,39,m1,1.0389414074061035e-13,6
train,39,m1,2.4255188667694468e-15,7
train,39,m1,4.809127268746148e-19,8
train,39,m1,1.765966625049461e-14,9
train,39,m1,5.954499317662593e-14,10
train,39,m1,1.866034758624905e-14,11
train,39,m1,7.816789343627686e-15,12
train,39,m1,4.0071072138605016e-14,13
train,39,m1,7.997522457649231e-15,14
train,39,m1,2.0465473052669846e-14,15
train,39,m1,8.845355956917805e-17,16
train,39,m1,2.8011499844378222e-14,17
train,39,m1,2.6415747369991534e-14,18
train,39,m1,3.417142057596939e-13,19
train,39,m1,9.026756257616078e-14,20
train,39,m1,7.088400301295296e-15,21
train,39,m1,2.9518041114694193e-14,22
train,39,m1,7.1852476767921e-14,23
train,39,m1,5.770729759931731e-14,24
train,39,m1,1.8343623332545828e-13,25
train,39,m1,1.0268436762776029e-13,26
train,39,m1,7.192270596364375e-14,27
train,39,m1,5.699030115012549e-14,28
train,39,m1,3.972093667029735e-15,29
train,39,m1,8.256800936869667e-15,30
train,39,m1,2.4706826211653987e-13,31
train,39,m1,1.5587297230533871e-15,32
train,39,m1,9.450944258963812e-14,33
train,39,m1,1.0633359393463684e-15,34
train,39,m1,3.793617641702739e-14,35
train,39,m1,1.7003846247698462e-12,36
train,39,m1,2.537405269893104e-14,37
train,39,m1,1.6223615333099684e-12,38
train,39,m1,2.0237626166177004e-16,39
train,39,m1,1.2199498410168236e-13,40
test,39,m1,5.056802717441138e-24,41
test,39,m1,3.670423694953721e-23,42
test,39,m1,6.954270777904283e-19,43
test,39,m1,5.052904665407628e-21,44
test,39,m1,3.837451334672331e-18,45
test,39,m1,7.516187885619417e-17,46
test,39,m1,2.8232224381542182e-18,47
test,39,m1,2.985435782280256e-17,48
test,39,m1,1.5053435127889943e-16,49
test,39,m1,3.1249276033055162e-21,50
test,39,m1,3.957681242613525e-16,51
test,39,m1,9.203341388470551e-20,52
test,39,m1,1.4184731372075734e-15,53
test,39,m1,9.987481911593434e-22,54
test,39,m1,1.2412018468414571e-15,55
test,39,m1,3.784957830959895e-15,56
test,39,m1,5.778471794263485e-20,57
test,39,m1,4.1701466857636086e-17,58
test,39,m1,9.842188872922652e-19,59
test,39,m1,3.3831099424311674e-15,60
test,39,m1,6.776586695461181e-20,61
test,39,m1,4.937950090190763e-15,62
test,39,m1,7.520142205994114e-16,63
test,39,m1,5.856284286745436e-20,64
train,1,ind,3.7556586065975265e-32,1
train,1,ind,8.105994174500974e-14,2
train,1,ind,9.496509481565774e-13,3
train,1,ind,5.019783959163415e-13,4
train,1,ind,3.0333521068223734e-13,5
train,1,ind,2.8035709062450287e-13,6
train,1,ind,3.4868950175154234e-13,7
train,1,ind,3.074119734811087e-13,8
train,1,ind,1.0170440471789569e-13,9
train,1,ind,1.3378310774730257e-13,10
train,1,ind,1.418778695872966e-13,11
train,1,ind,1.7926101141679807e-13,12
train,1,ind,1.848301920586229e-13,13
train,1,ind,1.4346993916242862e-13,14
train,1,ind,1.658034874760933e-13,15
train,1,ind,1.3418556359372918e-13,16
train,1,ind,1.6057360790414782e-13,17
train,1,ind,1.8062888153518725e-13,18
train,1,ind,1.9644741833680507e-13,19
train,1,ind,2.2274517571130997e-13,20
train,1,ind,1.919369746689395e-13,21
train,1,ind,1.789937555812804e-13,22
train,1,ind,2.0192609520228166e-13,23
train,1,ind,2.4472833698788166e-13,24
train,1,ind,3.293380379607719e-13,25
train,1,ind,2.7481351070647586e-13,26
train,1,ind,3.5907428831520594e-13,27
train,1,ind,3.790497104562418e-13,28
train,1,ind,3.8893196931295837e-13,29
train,1,ind,3.535474322156895e-13,30
train,1,ind,3.7118466395154315e-13,31
train,1,ind,4.233834962306948e-13,32
train,1,ind,4.594763155021941e-13,33
train,1,ind,4.945946538610635e-13,34
train,1,ind,5.535822451482875e-13,35
train,1,ind,5.050463628038238e-13,36
train,1,ind,5.592763665379641e-13,37
train,1,ind,6.677060163454152e-13,38
train,1,ind,6.277005824839588e-13,39
train,1,ind,5.856955003456787e-13,40
test,1,ind,2.335859973041379e-26,41
test,1,ind,1.3208384074433017e-21,42
test,1,ind,1.6122490531949714e-22,43
test,1,ind,2.9370556607078303e-20,44
test,1,ind,8.241266100326936e-19,45
test,1,ind,4.1577096116635676e-19,46
test,1,ind,6.294974213370231e-22,47
test,1,ind,1.9438529328036887e-18,48
test,1,ind,5.3244549395431224e-24,49
test,1,ind,4.262213955892292e-18,50
test,1,ind,3.7243451651030615e-20,51
test,1,ind,7.736708157148552e-19,52
test,1,ind,7.3532422178175705e-19,53
test,1,ind,1.3332282240040892e-20,54
test,1,ind,2.2203926464699667e-18,55
test,1,ind,1.1149182837617423e-17,56
test,1,ind,9.954632380348386e-21,57
test,1,ind,1.2598824098946964e-18,58
test,1,ind,1.720785648091411e-17,59
test,1,ind,3.7600574214297255e-18,60
test,1,ind,1.1198282624417345e-17,61
test,1,ind,6.310359914127592e-20,62
test,1,ind,7.246326409458707e-20,63
test,1,ind,3.040762915603723e-17,64
train,5,ind,1.442834386167511e-32,1
train,5,ind,1.0955573267698061e-14,2
train,5,ind,5.684002734088721e-14,3
train,5,ind,3.080839077775066e-14,4
train,5,ind,3.340936807262086e-14,5
train,5,ind,3.7987482896708474e-14,6
train,5,ind,6.583040454985825e-14,7
train,5,ind,8.777226449992181e-14,8
train,5,ind,5.660965470802477e-14,9
train,5,ind,8.751136479964033e-14,10
train,5,ind,1.5332636690238571e-13,11
train,5,ind,1.2914311547235213e-13,12
train,5,ind,1.1354167660324738e-13,13
train,5,ind,1.1350929283960795e-13,14
train,5,ind,1.3883642499545878e-13,15
train,5,ind,1.0544476668769912e-13,16
train,5,ind,1.3846963940050694e-13,17
train,5,ind,1.7603897940060564e-13,18
train,5,ind,2.7105444624919706e-13,19
train,5,ind,2.924500648159717e-13,20
train,5,ind,3.1228505567061637e-13,21
train,5,ind,3.415080447165958e-13,22
train,5,ind,3.475297306876346e-13,23
train,5,ind,3.4844615257392797e-13,24
train,5,ind,4.329129828055389e-13,25
train,5,ind,3.9983145375295515e-13,26
train,5,ind,4.5003185748272723e-13,27
train,5,ind,5.245227537899189e-13,28
train,5,ind,6.577785191530516e-13,29
train,5,ind,6.960556263313489e-13,30
train,5,ind,6.098394901045412e-13,31
train,5,ind,6.355945500816085e-13,32
train,5,ind,6.823884990056484e-13,33
train,5,ind,8.102951361103894e-13,34
train,5,ind,8.642005297140876e-13,35
train,5,ind,1.0254904564410694e-12,36
train,5,ind,9.476809528091712e-13,37
train,5,ind,1.1059276324582035e-12,38
train,5,ind,1.1567402851547781e-12,39
train,5,ind,1.2449352529766977e-12,40
test,5,ind,6.937257437581155e-27,41
test,5,ind,2.008349492787394e-22,42
test,5,ind,5.169593576353095e-22,43
test,5,ind,6.226955551457812e-20,44
test,5,ind,2.8626743521808403e-19,45
test,5,ind,5.157142831962521e-19,46
test,5,ind,4.19161202265936e-18,47
test,5,ind,5.705250073401846e-22,48
test,5,ind,2.552172277926993e-22,49
test,5,ind,3.0876460237981258e-19,50
test,5,ind,1.0025662476483543e-20,51
test,5,ind,1.7551278710188976e-17,52
test,5,ind,1.9622493520786856e-19,53
test,5,ind,5.44193232807052e-18,54
test,5,ind,5.009225877837905e-18,55
test,5,ind,2.800195632416151e-17,56
test,5,ind,6.954581218788174e-17,57
test,5,ind,3.451461067586506e-17,58
test,5,ind,1.1039977956839805e-16,59
test,5,ind,1.5016838465561974e-19,60
test,5,ind,7.639152750450732e-18,61
test,5,ind,8.456689264242004e-18,62
test,5,ind,2.0274079354027726e-17,63
test,5,ind,4.735595048193247e-19,64
train,6,ind,6.796208046058756e-30,1
train,6,ind,1.2860850215736311e-14,2
train,6,ind,1.0587158828388645e-14,3
train,6,ind,8.442185214683703e-16,4
train,6,ind,2.648624115763118e-16,5
train,6,ind,1.6134153877379865e-16,6
train,6,ind,9.773827151583666e-17,7
train,6,ind,2.1640667752749033e-17,8
train,6,ind,1.257563016136613e-17,9
train,6,ind,1.6988431934183394e-17,10
train,6,ind,1.06720691961999e-17,11
train,6,ind,6.401312532531466e-18,12
train,6,ind,5.5491580965145435e-18,13
train,6,ind,4.5841468600336425e-18,14
train,6,ind,5.97768893901499e-18,15
train,6,ind,6.646762249284632e-18,16
train,6,ind,6.779338208371262e-18,17
train,6,ind,4.6703593457866755e-18,18
train,6,ind,5.8856961151414365e-18,19
train,6,ind,6.7479893039264214e-18,20
train,6,ind,8.034726235805228e-18,21
train,6,ind,7.848466668554213e-18,22
train,6,ind,8.661869760824557e-18,23
train,6,ind,6.0034506520123416e-18,24
train,6,ind,5.792492298851105e-18,25
train,6,ind,4.273418117289323e-18,26
train,6,ind,4.1857440033939085e-18,27
train,6,ind,3.1923404127725842e-18,28
train,6,ind,2.5900487020767984e-18,29
train,6,ind,1.9881172285377794e-18,30
train,6,ind,2.023098696642647e-18,31
train,6,ind,2.0234212970815426e-18,32
train,6,ind,1.7793653796605283e-18,33
train,6,ind,1.6954144057022153e-18,34
train,6,ind,1.432913911584917e-18,35
train,6,ind,1.0606956640307022e-18,36
train,6,ind,9.736552738820802e-19,37
train,6,ind,7.948965804256956e-19,38
train,6,ind,8.802511764859345e-19,39
train,6,ind,7.962149512257402e-19,40
test,6,ind,3.8487150859165304e-28,41
test,6,ind,4.9572200321503154e-27,42
test,6,ind,8.55711187139975e-24,43
test,6,ind,1.5499026924660996e-20,44
test,6,ind,3.7447529386609664e-20,45
test,6,ind,4.450137022129243e-20,46
test,6,ind,5.024946526158832e-22,47
test,6,ind,8.739924177786286e-18,48
test,6,ind,2.0348756159903853e-20,49
test,6,ind,2.261373035172222e-18,50
test,6,ind,1.5707452851452204e-19,51
test,6,ind,1.603807080305854e-20,52
test,6,ind,5.984344124030862e-20,53
test,6,ind,4.85204346687693e-19,54
test,6,ind,6.603593244079138e-19,55
test,6,ind,1.5550778381086125e-18,56
test,6,ind,1.0878142634253704e-18,57
test,6,ind,1.0158030212238009e-17,58
test,6,ind,1.504299029761572e-19,59
test,6,ind,3.1942533196379014e-19,60
test,6,ind,2.0282763716887664e-22,61
test,6,ind,1.735255973496138e-18,62
test,6,ind,2.9369330958055047e-18,63
test,6,ind,1.2423074068173588e-18,64
train,10,ind,1.0484653531368356e-30,1
train,10,ind,7.581250656819947e-15,2
train,10,ind,7.165008332737227e-14,3
train,10,ind,9.145512987326562e-14,4
train,10,ind,1.2078430974577642e-13,5
train,10,ind,1.3701939702206317e-13,6
train,10,ind,1.8178316382559678e-13,7
train,10,ind,1.6066295971568778e-13,8
train,10,ind,1.1365866201765856e-13,9
train,10,ind,1.8300117009869415e-13,10
train,10,ind,1.7412858806763187e-13,11
train,10,ind,2.1355859517856873e-13,12
train,10,ind,1.8058411753799075e-13,13
train,10,ind,1.5698004690849893e-13,14
train,10,ind,1.530245385700929e-13,15
train,10,ind,1.4070930293326456e-13,16
train,10,ind,1.5657570726079761e-13,17
train,10,ind,2.0885308998734586e-13,18
train,10,ind,2.336935983268673e-13,19
train,10,ind,2.3878257227397115e-13,20
train,10,ind,2.540375678913853e-13,21
train,10,ind,2.6691975994926065e-13,22
train,10,ind,2.587946133433827e-13,23
train,10,ind,3.262058863046785e-13,24
train,10,ind,3.20958374894903e-13,25
train,10,ind,2.982770551818864e-13,26
train,10,ind,3.8703616049920453e-13,27
train,10,ind,4.022344523429977e-13,28
train,10,ind,4.1519435459158593e-13,29
train,10,ind,4.336143802959741e-13,30
train,10,ind,5.336907673604563e-13,31
train,10,ind,5.54571796471115e-13,32
train,10,ind,4.926549619643783e-13,33
train,10,ind,4.095768049803411e-13,34
train,10,ind,4.0286583747814464e-13,35
train,10,ind,3.778277332926877e-13,36
train,10,ind,3.169956972696314e-13,37
train,10,ind,2.462393353455661e-13,38
train,10,ind,2.296834597514952e-13,39
train,10,ind,2.2187628253775293e-13,40
test,10,ind,3.524728146064502e-25,41
test,10,ind,6.95649100660097e-24,42
test,10,ind,2.0650206947629746e-20,43
test,10,ind,6.044968061877903e-20,44
test,10,ind,1.109682850869741e-18,45
test,10,ind,1.0977707469454568e-17,46
test,10,ind,1.5567304868113566e-20,47
test,10,ind,1.2252294875893772e-19,48
test,10,ind,1.6674108070626463e-20,49
test,10,ind,2.649191330052758e-17,50
test,10,ind,1.6626068587200166e-20,51
test,10,ind,1.0319727312943752e-16,52
test,10,ind,1.0302614145481918e-18,53
test,10,ind,6.68696565896571e-16,54
test,10,ind,2.3100435152342295e-19,55
test,10,ind,1.279291330292707e-16,56
test,10,ind,3.1455619015666385e-18,57
test,10,ind,4.510573793302093e-16,58
test,10,ind,9.90558296109295e-18,59
test,10,ind,4.25295821842813e-18,60
test,10,ind,9.281393298041048e-18,61
test,10,ind,8.10611026830733e-18,62
test,10,ind,1.27093224006894e-17,63
test,10,ind,2.724133926637287e-16,64
train,15,ind,2.3047153665244557e-31,1
train,15,ind,1.0465059029041938e-14,2
train,15,ind,1.8385893664745606e-14,3
train,15,ind,1.942946832543253e-15,4
train,15,ind,3.1396656853684667e-15,5
train,15,ind,2.3975672030265285e-15,6
train,15,ind,2.1688930829815746e-15,7
train,15,ind,8.132893251576164e-16,8
train,15,ind,5.2469307686901865e-16,9
train,15,ind,1.0007316283356846e-15,10
train,15,ind,5.049536622475268e-16,11
train,15,ind,2.4405997060601584e-16,12
train,15,ind,9.96809481978093e-17,13
train,15,ind,1.3349215425926132e-16,14
train,15,ind,1.218208211045953e-16,15
train,15,ind,1.700683339409025e-16,16
train,15,ind,1.7967711539922468e-16,17
train,15,ind,1.3258041593577067e-16,18
train,15,ind,1.3115725500059564e-16,19
train,15,ind,1.358911103845631e-16,20
train,15,ind,2.132326829467284e-16,21
train,15,ind,2.5550343866298064e-16,22
train,15,ind,2.879376537023279e-16,23
train,15,ind,2.6657553571213363e-16,24
train,15,ind,3.420104635798091e-16,25
train,15,ind,4.360725459301131e-16,26
train,15,ind,3.7868640786076907e-16,27
train,15,ind,3.64509273315439e-16,28
train,15,ind,3.5551650980289733e-16,29
train,15,ind,3.6467489472640684e-16,30
train,15,ind,4.607165724837829e-16,31
train,15,ind,3.966303773318778e-16,32
train,15,ind,2.8700769093558147e-16,33
train,15,ind,2.9164495809378234e-16,34
train,15,ind,2.5887920906492385e-16,35
train,15,ind,3.113206864255525e-16,36
train,15,ind,3.606854754239575e-16,37
train,15,ind,3.29735712094453e-16,38
train,15,ind,2.867099853244012e-16,39
train,15,ind,3.9855891253409823e-16,40
test,15,ind,1.1689524332373625e-29,41
test,15,ind,7.023476278398035e-22,42
test,15,ind,4.761231443327796e-19,43
test,15,ind,2.8236117817287893e-19,44
test,15,ind,4.421470294764575e-17,45
test,15,ind,2.127664116527381e-20,46
test,15,ind,8.215986654306218e-17,47
test,15,ind,1.0943070108484522e-17,48
test,15,ind,2.563737999646653e-19,49
test,15,ind,7.160510686056364e-19,50
test,15,ind,8.786017163059579e-18,51
test,15,ind,2.3465525791353293e-18,52
test,15,ind,2.562419947117274e-21,53
test,15,ind,6.702709437195269e-18,54
test,15,ind,1.4251446306062097e-20,55
test,15,ind,9.706895005138325e-18,56
test,15,ind,8.467967354906282e-19,57
test,15,ind,1.2154888878694095e-17,58
test,15,ind,1.7025627196101395e-19,59
test,15,ind,2.0788576492651394e-19,60
test,15,ind,7.347864406462634e-18,61
test,15,ind,1.117181760110417e-18,62
test,15,ind,4.7760648596624035e-19,63
test,15,ind,5.186414499773603e-17,64
train,16,ind,4.793979678585636e-30,1
train,16,ind,2.2889887684937604e-13,2
train,16,ind,1.3349853178207943e-13,3
train,16,ind,5.367462117128463e-14,4
train,16,ind,7.518296288267987e-14,5
train,16,ind,1.861363575208705e-13,6
train,16,ind,1.3363945095944824e-13,7
train,16,ind,1.0806245086042096e-13,8
train,16,ind,6.011917987091067e-14,9
train,16,ind,1.0002009664293945e-13,10
train,16,ind,2.1421364302613016e-13,11
train,16,ind,2.3734955515754275e-13,12
train,16,ind,2.699301285963296e-13,13
train,16,ind,1.649463714486349e-13,14
train,16,ind,1.0261977628333446e-13,15
train,16,ind,8.069491120232461e-14,16
train,16,ind,9.524306798965043e-14,17
train,16,ind,9.08448121415828e-14,18
train,16,ind,8.36598246733121e-14,19
train,16,ind,9.181967930123672e-14,20
train,16,ind,7.820554235671642e-14,21
train,16,ind,8.353465353249864e-14,22
train,16,ind,8.608027891833167e-14,23
train,16,ind,1.3350319385142112e-13,24
train,16,ind,1.7984921820042576e-13,25
train,16,ind,2.41139139905977e-13,26
train,16,ind,3.42854813550203e-13,27
train,16,ind,4.3515554657910793e-13,28
train,16,ind,5.477251681720863e-13,29
train,16,ind,6.692827173547522e-13,30
train,16,ind,7.994699195192079e-13,31
train,16,ind,9.206043045939527e-13,32
train,16,ind,9.727351302918352e-13,33
train,16,ind,8.164276546485105e-13,34
train,16,ind,8.534976111279624e-13,35
train,16,ind,1.0524869821157412e-12,36
train,16,ind,1.1353848633835484e-12,37
train,16,ind,1.1174541110145486e-12,38
train,16,ind,9.50399806597113e-13,39
train,16,ind,7.979019463373593e-13,40
test,16,ind,3.428278422475062e-23,41
test,16,ind,8.658412064037122e-25,42
test,16,ind,2.0363936620510692e-21,43
test,16,ind,1.8038984871606556e-24,44
test,16,ind,7.293327716592765e-20,45
test,16,ind,1.642022921541032e-19,46
test,16,ind,1.0018105365716368e-21,47
test,16,ind,2.9693914562469324e-18,48
test,16,ind,1.1569340957957608e-19,49
test,16,ind,3.672613509717742e-22,50
test,16,ind,2.5842981424583297e-18,51
test,16,ind,4.214863139100036e-19,52
test,16,ind,1.966391846736957e-20,53
test,16,ind,3.549432008465042e-18,54
test,16,ind,3.9157716902009953e-19,55
test,16,ind,1.1166904148265606e-18,56
test,16,ind,4.5016227726319834e-18,57
test,16,ind,2.6838311182809134e-20,58
test,16,ind,5.949504414003471e-18,59
test,16,ind,1.0264885403767609e-18,60
test,16,ind,5.173600314032299e-18,61
test,16,ind,2.0724278437031553e-22,62
test,16,ind,2.69103127314879e-19,63
test,16,ind,1.0100577736558284e-19,64
train,18,ind,7.260879317246716e-32,1
train,18,ind,1.0872491194033676e-14,2
train,18,ind,1.6175572708533592e-13,3
train,18,ind,1.2164261839562457e-13,4
train,18,ind,2.13190169727831e-13,5
train,18,ind,1.9172196382560847e-13,6
train,18,ind,2.901609345590944e-13,7
train,18,ind,2.921229610205328e-13,8
train,18,ind,1.9117303226567905e-13,9
train,18,ind,2.618559394925585e-13,10
train,18,ind,1.9861660872835113e-13,11
train,18,ind,1.6579339084336203e-13,12
train,18,ind,1.7116081501341446e-13,13
train,18,ind,1.7514101605629884e-13,14
train,18,ind,1.5139182496601983e-13,15
train,18,ind,1.8346760742582457e-13,16
train,18,ind,1.064499711793919e-13,17
train,18,ind,2.1301237412407054e-13,18
train,18,ind,2.124248856243821e-13,19
train,18,ind,2.4564326809618786e-13,20
train,18,ind,2.702293412908813e-13,21
train,18,ind,2.7333693576776785e-13,22
train,18,ind,2.8274228119386235e-13,23
train,18,ind,2.511538882681713e-13,24
train,18,ind,2.556780199884645e-13,25
train,18,ind,2.7482305168559373e-13,26
train,18,ind,2.8720900440912245e-13,27
train,18,ind,2.841005967806065e-13,28
train,18,ind,3.492579760556308e-13,29
train,18,ind,3.6151290294661464e-13,30
train,18,ind,3.624361553065947e-13,31
train,18,ind,3.39756651632217e-13,32
train,18,ind,3.3483795163630203e-13,33
train,18,ind,2.999351526693228e-13,34
train,18,ind,3.2284914216855476e-13,35
train,18,ind,3.1847926531235193e-13,36
train,18,ind,3.342896434926218e-13,37
train,18,ind,4.0156232831121963e-13,38
train,18,ind,4.2686812201306323e-13,39
train,18,ind,4.330746644545108e-13,40
test,18,ind,1.938539392919128e-26,41
test,18,ind,1.706814953276916e-23,42
test,18,ind,2.970807537756835e-20,43
test,18,ind,7.450033206231814e-20,44
test,18,ind,2.0472482346261326e-19,45
test,18,ind,1.0831621221121897e-19,46
test,18,ind,2.57454899175878e-19,47
test,18,ind,4.598661501639687e-19,48
test,18,ind,6.178623931103615e-18,49
test,18,ind,4.705519795096584e-19,50
test,18,ind,8.109505017541247e-18,51
test,18,ind,4.714133743802982e-18,52
test,18,ind,1.2539280019540217e-19,53
test,18,ind,1.5192553341159317e-18,54
test,18,ind,3.682189120105821e-18,55
test,18,ind,2.0706203469109103e-17,56
test,18,ind,4.719051952930069e-19,57
test,18,ind,2.9441485922888048e-18,58
test,18,ind,6.222718861607286e-18,59
test,18,ind,3.8760564225468516e-19,60
test,18,ind,1.192414767400304e-17,61
test,18,ind,2.959042103294914e-17,62
test,18,ind,7.981502953651729e-19,63
test,18,ind,3.750190811083193e-18,64
train,19,ind,1.1926542662561563e-28,1
train,19,ind,2.534165368869856e-13,2
train,19,ind,4.666872018498601e-14,3
train,19,ind,7.131331319193933e-15,4
train,19,ind,4.67620589806087e-15,5
train,19,ind,1.1336586263306701e-15,6
train,19,ind,8.010860685469644e-16,7
train,19,ind,3.5110211818894274e-16,8
train,19,ind,2.1921518400895692e-16,9
train,19,ind,3.1473952315890766e-16,10
train,19,ind,1.3922868489454107e-16,11
train,19,ind,1.0020615494722127e-16,12
train,19,ind,9.976143618013316e-17,13
train,19,ind,6.857059271546132e-17,14
train,19,ind,5.779343518552024e-17,15
train,19,ind,5.1078330033255554e-17,16
train,19,ind,5.0438638178343796e-17,17
train,19,ind,3.6967121782745984e-17,18
train,19,ind,4.636517401693661e-17,19
train,19,ind,4.8229331406443265e-17,20
train,19,ind,4.6322683403230986e-17,21
train,19,ind,5.577580270516049e-17,22
train,19,ind,5.324466642669518e-17,23
train,19,ind,6.267585882494713e-17,24
train,19,ind,7.37724338027868e-17,25
train,19,ind,9.512015885032262e-17,26
train,19,ind,1.317666290316961e-16,27
train,19,ind,1.6028920621595358e-16,28
train,19,ind,1.7888326023919018e-16,29
train,19,ind,1.552339018285031e-16,30
train,19,ind,1.418639632121268e-16,31
train,19,ind,1.3719556759311433e-16,32
train,19,ind,1.128168344055025e-16,33
train,19,ind,9.008618248778621e-17,34
train,19,ind,6.51509221840487e-17,35
train,19,ind,4.3319385813675505e-17,36
train,19,ind,3.35402779410613e-17,37
train,19,ind,2.837790991256686e-17,38
train,19,ind,2.5431401580785594e-17,39
train,19,ind,2.2383052426348025e-17,40
test,19,ind,5.728776721636375e-29,41
test,19,ind,7.455197511284659e-23,42
test,19,ind,9.886419868174739e-21,43
test,19,ind,1.2296439663416395e-21,44
test,19,ind,9.242706138340125e-20,45
test,19,ind,8.53136700069632e-20,46
test,19,ind,9.450261392913136e-19,47
test,19,ind,5.766758399801851e-19,48
test,19,ind,1.3640560886735527e-18,49
test,19,ind,8.049545176479116e-18,50
test,19,ind,1.2208275115428268e-17,51
test,19,ind,9.83784497529486e-17,52
test,19,ind,9.700846582951155e-20,53
test,19,ind,1.8950024582403895e-17,54
test,19,ind,6.026765564757761e-19,55
test,19,ind,6.622830838828677e-17,56
test,19,ind,2.6012046285043597e-19,57
test,19,ind,3.978813192635193e-17,58
test,19,ind,6.463404741815182e-19,59
test,19,ind,5.016590680421771e-18,60
test,19,ind,9.16098702692145e-19,61
test,19,ind,2.7653082974649918e-17,62
test,19,ind,1.404927227496405e-17,63
test,19,ind,8.180930739946221e-17,64
train,20,ind,4.155062199648169e-30,1
train,20,ind,7.99648314822295e-15,2
train,20,ind,2.250476416549088e-14,3
train,20,ind,1.9880369797760887e-14,4
train,20,ind,3.3030446189600757e-14,5
train,20,ind,4.031230034571946e-14,6
train,20,ind,6.041429970226123e-14,7
train,20,ind,5.628063322999331e-14,8
train,20,ind,2.3195765173531467e-14,9
train,20,ind,6.568663934178667e-14,10
train,20,ind,6.716319395170395e-14,11
train,20,ind,7.843263527800709e-14,12
train,20,ind,6.282974628849664e-14,13
train,20,ind,5.84184122517234e-14,14
train,20,ind,6.223525113226852e-14,15
train,20,ind,6.879833345813796e-14,16
train,20,ind,7.431146084764528e-14,17
train,20,ind,9.304948304922345e-14,18
train,20,ind,1.245166621720306e-13,19
train,20,ind,1.4245840564055395e-13,20
train,20,ind,1.6531388888005316e-13,21
train,20,ind,1.9970590665104732e-13,22
train,20,ind,2.3875221461314156e-13,23
train,20,ind,2.6363766313271253e-13,24
train,20,ind,2.662697807468556e-13,25
train,20,ind,2.970555116992013e-13,26
train,20,ind,3.668816823693827e-13,27
train,20,ind,4.1346085084305317e-13,28
train,20,ind,3.9715545305588074e-13,29
train,20,ind,4.317711823926401e-13,30
train,20,ind,5.512183591516173e-13,31
train,20,ind,5.602102440792345e-13,32
train,20,ind,6.077187364450509e-13,33
train,20,ind,6.886320940563406e-13,34
train,20,ind,7.216043626349922e-13,35
train,20,ind,8.170221226996843e-13,36
train,20,ind,7.526594907221462e-13,37
train,20,ind,8.522476886534125e-13,38
train,20,ind,9.389485716715384e-13,39
train,20,ind,1.0978699503325084e-12,40
test,20,ind,1.1518696567144444e-26,41
test,20,ind,2.5663744510478896e-27,42
test,20,ind,5.352690267474617e-20,43
test,20,ind,4.5100341521320446e-24,44
test,20,ind,1.374286258126922e-23,45
test,20,ind,5.934864764727354e-19,46
test,20,ind,1.3459128246322947e-21,47
test,20,ind,7.367398428493264e-22,48
test,20,ind,6.48018397129385e-20,49
test,20,ind,1.2825136514014924e-21,50
test,20,ind,2.436780613172001e-18,51
test,20,ind,1.9491086893779375e-23,52
test,20,ind,3.012833327656992e-17,53
test,20,ind,2.8940888280567878e-22,54
test,20,ind,3.293509564771495e-19,55
test,20,ind,6.524805965774203e-17,56
test,20,ind,1.198444086885203e-19,57
test,20,ind,8.287062922629192e-21,58
test,20,ind,9.493909439898668e-23,59
test,20,ind,4.8980434563698565e-17,60
test,20,ind,6.277642497520419e-21,61
test,20,ind,8.005134345699511e-17,62
test,20,ind,1.9244218398293586e-18,63
test,20,ind,3.204880587181162e-20,64
train,22,ind,1.0036590584764295e-31,1
train,22,ind,9.831215296062304e-14,2
train,22,ind,1.4269114318940512e-13,3
train,22,ind,1.456494565796676e-13,4
train,22,ind,9.860022547785244e-14,5
train,22,ind,1.2069703147089134e-13,6
train,22,ind,1.263090516510565e-13,7
train,22,ind,1.1442119495809477e-13,8
train,22,ind,9.159037731801961e-14,9
train,22,ind,6.899476378673802e-14,10
train,22,ind,1.522874843807101e-13,11
train,22,ind,1.5960320630219182e-13,12
train,22,ind,1.4530908486014293e-13,13
train,22,ind,4.580305928915569e-14,14
train,22,ind,1.398474164162472e-13,15
train,22,ind,1.3226855862750325e-13,16
train,22,ind,1.3068410557263294e-13,17
train,22,ind,1.4732011725977767e-13,18
train,22,ind,2.179591549562529e-13,19
train,22,ind,3.028308398315971e-13,20
train,22,ind,3.8709430084070406e-13,21
train,22,ind,3.434792868965003e-13,22
train,22,ind,3.659114298452254e-13,23
train,22,ind,3.125815036496282e-13,24
train,22,ind,3.2323991573657285e-13,25
train,22,ind,3.2840077228771247e-13,26
train,22,ind,3.635282721549393e-13,27
train,22,ind,3.845577285430113e-13,28
train,22,ind,4.1083464213075016e-13,29
train,22,ind,4.112715213961532e-13,30
train,22,ind,3.8385058478106193e-13,31
train,22,ind,3.2362269331356885e-13,32
train,22,ind,3.167581214685855e-13,33
train,22,ind,2.7057024155896503e-13,34
train,22,ind,3.160359344014929e-13,35
train,22,ind,3.260872745870086e-13,36
train,22,ind,3.413146230490244e-13,37
train,22,ind,3.7888054781227976e-13,38
train,22,ind,3.7067817890666654e-13,39
train,22,ind,3.527829883689243e-13,40
test,22,ind,9.989166571388187e-24,41
test,22,ind,1.2415350883884291e-23,42
test,22,ind,7.339327728259624e-23,43
test,22,ind,1.729315865440303e-17,44
test,22,ind,5.7109619817137235e-21,45
test,22,ind,1.3165285460358947e-20,46
test,22,ind,3.6945265189420495e-18,47
test,22,ind,2.1675585527946734e-19,48
test,22,ind,3.6560969484537547e-17,49
test,22,ind,6.728574547769189e-19,50
test,22,ind,6.316885205937899e-19,51
test,22,ind,2.4311561985969467e-18,52
test,22,ind,8.449084165690191e-17,53
test,22,ind,3.6463471360097146e-17,54
test,22,ind,2.862458509739752e-17,55
test,22,ind,4.364001425399086e-17,56
test,22,ind,4.1206637489039514e-17,57
test,22,ind,2.42305844781591e-16,58
test,22,ind,9.401015195144791e-19,59
test,22,ind,8.22257101198214e-17,60
test,22,ind,1.5978374923084693e-17,61
test,22,ind,1.8385431131816846e-16,62
test,22,ind,5.892123970245464e-17,63
test,22,ind,1.785525445380999e-19,64
train,23,ind,2.5239443576562018e-30,1
train,23,ind,1.6197576591624185e-13,2
train,23,ind,6.590335780353937e-14,3
train,23,ind,6.644114918614649e-14,4
train,23,ind,9.143139939821535e-14,5
train,23,ind,1.0085176780066235e-13,6
train,23,ind,1.6581611843140276e-13,7
train,23,ind,1.4156078110942605e-13,8
train,23,ind,8.317902844365982e-14,9
train,23,ind,1.714617082213335e-13,10
train,23,ind,1.4832800515184735e-13,11
train,23,ind,1.3928281813492538e-13,12
train,23,ind,1.2888662034339637e-13,13
train,23,ind,1.2762276587093002e-13,14
train,23,ind,1.0909712532241461e-13,15
train,23,ind,9.971682496650452e-14,16
train,23,ind,1.1043834439615138e-13,17
train,23,ind,1.3897598892011198e-13,18
train,23,ind,1.6526119665447037e-13,19
train,23,ind,2.0164521907697214e-13,20
train,23,ind,1.94531443362643e-13,21
train,23,ind,2.2588643466565222e-13,22
train,23,ind,2.1969843208135414e-13,23
train,23,ind,2.230191400477699e-13,24
train,23,ind,2.593660149933369e-13,25
train,23,ind,2.8795509813411835e-13,26
train,23,ind,2.944793118121042e-13,27
train,23,ind,2.983487209454877e-13,28
train,23,ind,3.164445430952484e-13,29
train,23,ind,2.93342688464579e-13,30
train,23,ind,2.5009212908065626e-13,31
train,23,ind,2.2230104584387844e-13,32
train,23,ind,2.0780251163473457e-13,33
train,23,ind,1.3544552849090175e-13,34
train,23,ind,1.0972548824400574e-13,35
train,23,ind,1.3501729573782428e-13,36
train,23,ind,1.3251701710785546e-13,37
train,23,ind,1.4794654216998548e-13,38
train,23,ind,2.2335278971382516e-13,39
train,23,ind,2.9923473096084285e-13,40
test,23,ind,4.318051935560304e-28,41
test,23,ind,5.75855703451387e-26,42
test,23,ind,3.9972054121914352e-22,43
test,23,ind,9.347145970559006e-23,44
test,23,ind,2.534322907764642e-20,45
test,23,ind,3.570094787305902e-23,46
test,23,ind,4.379255317672334e-21,47
test,23,ind,3.629102264592256e-21,48
test,23,ind,3.7533552219699766e-24,49
test,23,ind,2.752781562499741e-23,50
test,23,ind,9.293366911891163e-21,51
test,23,ind,1.938453175313125e-20,52
test,23,ind,3.5253244696885856e-22,53
test,23,ind,8.260500044818904e-22,54
test,23,ind,1.3022546721492399e-20,55
test,23,ind,4.6816774771624796e-21,56
test,23,ind,1.5876486240275135e-20,57
test,23,ind,8.837108141614978e-21,58
test,23,ind,1.6757693702172666e-20,59
test,23,ind,1.4685520641609236e-20,60
test,23,ind,1.507647980331418e-20,61
test,23,ind,7.415111967215298e-21,62
test,23,ind,7.502778894979141e-20,63
test,23,ind,1.8731464581584964e-21,64
train,27,ind,1.4789691883062797e-30,1
train,27,ind,1.6043797421236988e-13,2
train,27,ind,5.5530768514316237e-14,3
train,27,ind,4.709964311470395e-14,4
train,27,ind,4.391021509071724e-14,5
train,27,ind,6.351414213361453e-14,6
train,27,ind,8.754338942131012e-14,7
train,27,ind,4.735803559746156e-14,8
train,27,ind,7.122353786392574e-14,9
train,27,ind,9.143017289450772e-14,10
train,27,ind,6.194521349860149e-14,11
train,27,ind,7.129906609776651e-14,12
train,27,ind,5.21203428181273e-14,13
train,27,ind,5.0816067933417974e-14,14
train,27,ind,5.2730020192902e-14,15
train,27,ind,5.4167828127680076e-14,16
train,27,ind,6.671402254417036e-14,17
train,27,ind,6.73912152211048e-14,18
train,27,ind,7.123296364656279e-14,19
train,27,ind,7.845511892055901e-14,20
train,27,ind,6.783281076595815e-14,21
train,27,ind,7.436685680239571e-14,22
train,27,ind,6.218421909126234e-14,23
train,27,ind,6.794537805651646e-14,24
train,27,ind,6.810347506205558e-14,25
train,27,ind,7.025880121832098e-14,26
train,27,ind,8.058226937286694e-14,27
train,27,ind,8.789900773388537e-14,28
train,27,ind,9.411536898125752e-14,29
train,27,ind,8.902791291719517e-14,30
train,27,ind,6.831115398819518e-14,31
train,27,ind,6.18410013410349e-14,32
train,27,ind,5.903636005619509e-14,33
train,27,ind,4.8176303305827103e-14,34
train,27,ind,4.9213695049515546e-14,35
train,27,ind,3.161598925911259e-14,36
train,27,ind,2.6639192967411324e-14,37
train,27,ind,2.70923166306768e-14,38
train,27,ind,3.0522612025742427e-14,39
train,27,ind,3.1768868541696624e-14,40
test,27,ind,3.972954376460876e-24,41
test,27,ind,3.2299501528755876e-24,42
test,27,ind,1.67591806885707e-19,43
test,27,ind,5.517296200341633e-22,44
test,27,ind,1.1875375450725689e-17,45
test,27,ind,9.971618865422525e-22,46
test,27,ind,2.9070490377526157e-20,47
test,27,ind,5.118026236276712e-20,48
test,27,ind,5.7810287840202965e-21,49
test,27,ind,2.7457423357614006e-22,50
test,27,ind,1.693605387551956e-19,51
test,27,ind,2.1403383135822378e-18,52
test,27,ind,5.91237424085992e-20,53
test,27,ind,1.5385618847092842e-19,54
test,27,ind,1.3387027961036493e-18,55
test,27,ind,3.2323935320081675e-18,56
test,27,ind,5.8513615022755855e-18,57
test,27,ind,4.2449329121251404e-18,58
test,27,ind,5.807821713360515e-19,59
test,27,ind,2.26139135722279e-17,60
test,27,ind,1.971347795979492e-18,61
test,27,ind,5.169083701092606e-19,62
test,27,ind,1.0884805160497512e-17,63
test,27,ind,1.6391589896158261e-18,64
train,30,ind,1.3064861515533445e-31,1
train,30,ind,6.122586653298104e-15,2
train,30,ind,3.831597582618085e-14,3
train,30,ind,2.5829579394667877e-15,4
train,30,ind,4.503615947035991e-16,5
train,30,ind,3.5824689403859196e-16,6
train,30,ind,1.453065830424541e-16,7
train,30,ind,6.253074487572573e-17,8
train,30,ind,3.3297622854007645e-17,9
train,30,ind,7.783747064811329e-17,10
train,30,ind,1.0567431510456431e-16,11
train,30,ind,4.0594060614607244e-17,12
train,30,ind,2.495749822732539e-17,13
train,30,ind,1.3922339755606563e-17,14
train,30,ind,1.0173208976478357e-17,15
train,30,ind,7.714552744826778e-18,16
train,30,ind,6.9223618721847436e-18,17
train,30,ind,7.328642383388126e-18,18
train,30,ind,6.920254629574265e-18,19
train,30,ind,5.9110711212024195e-18,20
train,30,ind,5.137885550314403e-18,21
train,30,ind,4.828742512804348e-18,22
train,30,ind,4.2498988909326025e-18,23
train,30,ind,3.778242160016091e-18,24
train,30,ind,3.566387556661154e-18,25
train,30,ind,4.589126487321212e-18,26
train,30,ind,5.546940838882595e-18,27
train,30,ind,5.7089276182388545e-18,28
train,30,ind,6.894802695716314e-18,29
train,30,ind,5.637456731772435e-18,30
train,30,ind,6.369703479783977e-18,31
train,30,ind,7.937362114624062e-18,32
train,30,ind,7.03511568866246e-18,33
train,30,ind,8.443887817082133e-18,34
train,30,ind,7.941345816454117e-18,35
train,30,ind,6.61707515069041e-18,36
train,30,ind,6.817410023244628e-18,37
train,30,ind,6.802560476888076e-18,38
train,30,ind,6.701864885789852e-18,39
train,30,ind,5.3112113215075396e-18,40
test,30,ind,6.905266970832905e-27,41
test,30,ind,2.783094124567776e-25,42
test,30,ind,1.0223819085216876e-20,43
test,30,ind,5.5646599297392996e-24,44
test,30,ind,9.861486996613514e-19,45
test,30,ind,2.0332273132170314e-21,46
test,30,ind,9.809357977475194e-21,47
test,30,ind,2.2505901025774367e-20,48
test,30,ind,1.786089075910635e-17,49
test,30,ind,7.63466715678401e-19,50
test,30,ind,3.586469847572716e-18,51
test,30,ind,2.2984085168151505e-17,52
test,30,ind,6.543770239369838e-17,53
test,30,ind,4.298060903072074e-17,54
test,30,ind,2.1545945315572116e-16,55
test,30,ind,2.3829024107685127e-18,56
test,30,ind,1.6692317611706508e-18,57
test,30,ind,6.048617939462126e-17,58
test,30,ind,1.66971285716973e-20,59
test,30,ind,4.558063373778008e-18,60
test,30,ind,5.53713006322741e-18,61
test,30,ind,2.5280843128772367e-17,62
test,30,ind,1.4917460792899397e-20,63
test,30,ind,1.5338479581742247e-17,64
train,32,ind,4.281925076471963e-32,1
train,32,ind,4.171107090365084e-13,2
train,32,ind,1.3716431419494302e-13,3
train,32,ind,6.763027502387428e-14,4
train,32,ind,6.65783346422838e-14,5
train,32,ind,7.393095331894792e-14,6
train,32,ind,9.007415446111652e-14,7
train,32,ind,8.806333890191628e-14,8
train,32,ind,6.276833301168891e-14,9
train,32,ind,1.0988432386227487e-13,10
train,32,ind,1.1169370821035446e-13,11
train,32,ind,9.384256338586944e-14,12
train,32,ind,9.709668778636743e-14,13
train,32,ind,6.891655215252035e-14,14
train,32,ind,5.639271601770579e-14,15
train,32,ind,6.162931086685711e-14,16
train,32,ind,7.062946283603946e-14,17
train,32,ind,7.267018882267315e-14,18
train,32,ind,8.78467695179623e-14,19
train,32,ind,1.108252825989843e-13,20
train,32,ind,1.0244471151379594e-13,21
train,32,ind,1.4245686065245816e-13,22
train,32,ind,1.6400245148474185e-13,23
train,32,ind,1.8025766426385537e-13,24
train,32,ind,1.6054311471804666e-13,25
train,32,ind,2.1092598967344806e-13,26
train,32,ind,1.9754066004490367e-13,27
train,32,ind,1.8033914205711765e-13,28
train,32,ind,1.7601915205337632e-13,29
train,32,ind,2.1218276972673894e-13,30
train,32,ind,2.313815914041506e-13,31
train,32,ind,2.6971233948493156e-13,32
train,32,ind,2.720306347802487e-13,33
train,32,ind,2.9711595597031737e-13,34
train,32,ind,2.6189231447544536e-13,35
train,32,ind,2.5528103936300894e-13,36
train,32,ind,2.1975318429106466e-13,37
train,32,ind,1.5414172759367628e-13,38
train,32,ind,2.0948802588460769e-13,39
train,32,ind,1.9988954339401205e-13,40
test,32,ind,1.2567010665567538e-27,41
test,32,ind,6.154033294817569e-23,42
test,32,ind,3.248220731531749e-22,43
test,32,ind,3.518293989839962e-21,44
test,32,ind,1.8407461813057065e-20,45
test,32,ind,8.805930217987691e-20,46
test,32,ind,1.0829517241997429e-20,47
test,32,ind,2.645037704645369e-19,48
test,32,ind,7.135648738770317e-19,49
test,32,ind,4.760780112906072e-19,50
test,32,ind,1.356144358146076e-20,51
test,32,ind,9.306484994742231e-20,52
test,32,ind,2.09985526722328e-18,53
test,32,ind,9.987447992341557e-19,54
test,32,ind,5.778641883276941e-19,55
test,32,ind,1.900278092110161e-18,56
test,32,ind,4.636115309197899e-18,57
test,32,ind,3.742349966056803e-18,58
test,32,ind,4.018902087432269e-18,59
test,32,ind,1.2263359709056376e-19,60
test,32,ind,8.710480683882461e-19,61
test,32,ind,7.62879065891728e-18,62
test,32,ind,2.202856675977784e-19,63
test,32,ind,9.93635718180722e-19,64
train,34,ind,2.4851263368474156e-30,1
train,34,ind,4.021125439730971e-15,2
train,34,ind,2.8295620529392206e-15,3
train,34,ind,2.260035310413795e-16,4
train,34,ind,1.1080541570590425e-16,5
train,34,ind,3.857421790765076e-17,6
train,34,ind,3.164590860686176e-17,7
train,34,ind,1.2008118086705749e-17,8
train,34,ind,5.299864057864537e-18,9
train,34,ind,6.334805970511284e-18,10
train,34,ind,4.48400093045246e-18,11
train,34,ind,2.579090626912002e-18,12
train,34,ind,1.8033602348694665e-18,13
train,34,ind,1.5669064174705442e-18,14
train,34,ind,2.1146293333489365e-18,15
train,34,ind,2.665700572949367e-18,16
train,34,ind,2.069585833477821e-18,17
train,34,ind,1.7820936281158813e-18,18
train,34,ind,1.4923536628369055e-18,19
train,34,ind,1.4712773076242075e-18,20
train,34,ind,1.4202530851291803e-18,21
train,34,ind,1.1337959929062743e-18,22
train,34,ind,9.976387553575958e-19,23
train,34,ind,6.533394561394825e-19,24
train,34,ind,5.753163686434542e-19,25
train,34,ind,5.328356294063926e-19,26
train,34,ind,5.582523563895212e-19,27
train,34,ind,7.488993930070945e-19,28
train,34,ind,8.808047671108856e-19,29
train,34,ind,1.0712286717582227e-18,30
train,34,ind,1.0385527628156936e-18,31
train,34,ind,1.0987158835133599e-18,32
train,34,ind,1.1832670804036567e-18,33
train,34,ind,1.0113381070723927e-18,34
train,34,ind,8.321158305814605e-19,35
train,34,ind,7.041809751167121e-19,36
train,34,ind,7.138600739581365e-19,37
train,34,ind,6.222402051432678e-19,38
train,34,ind,5.537339339922386e-19,39
train,34,ind,5.778977408412908e-19,40
test,34,ind,4.178607473578539e-21,41
test,34,ind,5.1706726775202e-28,42
test,34,ind,1.766790438624623e-22,43
test,34,ind,7.396330059964426e-22,44
test,34,ind,3.1882860839353836e-21,45
test,34,ind,5.257081113360558e-20,46
test,34,ind,5.1078228341739e-20,47
test,34,ind,8.50667695188132e-20,48
test,34,ind,1.7919113039437154e-21,49
test,34,ind,5.930822307224413e-20,50
test,34,ind,2.222741257798249e-20,51
test,34,ind,4.69780685287241e-19,52
test,34,ind,1.599000353153354e-19,53
test,34,ind,4.2442756137308904e-19,54
test,34,ind,6.330715148791903e-19,55
test,34,ind,1.2429761823426079e-18,56
test,34,ind,1.201162667667147e-19,57
test,34,ind,1.2103996384711617e-18,58
test,34,ind,1.0210861591726917e-19,59
test,34,ind,5.834278132056614e-21,60
test,34,ind,1.3076958274445225e-18,61
test,34,ind,2.2706671654490338e-20,62
test,34,ind,6.978375854929844e-19,63
test,34,ind,1.9423385977466513e-19,64
train,35,ind,1.7944456115231843e-32,1
train,35,ind,4.561162645494443e-14,2
train,35,ind,4.802150430777141e-13,3
train,35,ind,1.4746313707885567e-13,4
train,35,ind,2.1728994471781338e-13,5
train,35,ind,2.0669026928356315e-13,6
train,35,ind,2.4128580535486e-13,7
train,35,ind,1.951674634620773e-13,8
train,35,ind,1.0432171619612074e-13,9
train,35,ind,1.7643178584769714e-13,10
train,35,ind,1.6695637385620576e-13,11
train,35,ind,1.2244444011228622e-13,12
train,35,ind,1.0878614225802788e-13,13
train,35,ind,9.116465178246602e-14,14
train,35,ind,1.0308808385921242e-13,15
train,35,ind,9.860763193394323e-14,16
train,35,ind,1.1694154488078173e-13,17
train,35,ind,1.1506424881912308e-13,18
train,35,ind,1.0095387254025617e-13,19
train,35,ind,1.0326659774691216e-13,20
train,35,ind,9.231843262937078e-14,21
train,35,ind,8.619381521458164e-14,22
train,35,ind,7.736200596146839e-14,23
train,35,ind,6.568817755361889e-14,24
train,35,ind,7.526765262487814e-14,25
train,35,ind,6.483363650632012e-14,26
train,35,ind,7.18934460575138e-14,27
train,35,ind,8.750562530438974e-14,28
train,35,ind,1.104414547011337e-13,29
train,35,ind,1.2262826659063114e-13,30
train,35,ind,1.478473241186759e-13,31
train,35,ind,1.9399133449789219e-13,32
train,35,ind,2.636261705896842e-13,33
train,35,ind,3.140448784268862e-13,34
train,35,ind,3.580029339384644e-13,35
train,35,ind,3.8820587911804483e-13,36
train,35,ind,3.5507962672584603e-13,37
train,35,ind,3.7304352857626955e-13,38
train,35,ind,2.9759295071610237e-13,39
train,35,ind,2.5906040550596754e-13,40
test,35,ind,2.1718737019944136e-27,41
test,35,ind,1.31127544111976e-23,42
test,35,ind,3.2699980572357165e-24,43
test,35,ind,5.054592045194783e-22,44
test,35,ind,1.5237696820024626e-21,45
test,35,ind,1.816949067499608e-21,46
test,35,ind,6.348200236367303e-22,47
test,35,ind,5.330433344582047e-18,48
test,35,ind,3.6162623858456444e-20,49
test,35,ind,1.5157721217929106e-20,50
test,35,ind,1.159037977985001e-19,51
test,35,ind,9.503750889898971e-22,52
test,35,ind,3.632835802448151e-18,53
test,35,ind,1.371828639600619e-20,54
test,35,ind,9.364176210256375e-17,55
test,35,ind,1.3458689305838952e-17,56
test,35,ind,7.003917446894389e-16,57
test,35,ind,1.4457903478371944e-19,58
test,35,ind,2.8780316736961656e-17,59
test,35,ind,6.777251509566778e-21,60
test,35,ind,7.911406311967781e-16,61
test,35,ind,1.8902652517409654e-19,62
test,35,ind,1.2523985013805585e-21,63
test,35,ind,1.5186931614921253e-18,64
train,36,ind,9.971205122093026e-31,1
train,36,ind,1.258618008907308e-15,2
train,36,ind,3.27201998321199e-16,3
train,36,ind,3.087719642872643e-17,4
train,36,ind,9.903192409122672e-18,5
train,36,ind,6.048867830725178e-18,6
train,36,ind,4.296980770628202e-18,7
train,36,ind,2.7641088028587287e-18,8
train,36,ind,1.755174689441568e-18,9
train,36,ind,1.9995403860019836e-18,10
train,36,ind,1.9003430257882463e-18,11
train,36,ind,1.1047112885931442e-18,12
train,36,ind,8.482781642689224e-19,13
train,36,ind,6.94033019964335e-19,14
train,36,ind,2.797542150748415e-19,15
train,36,ind,4.553130378797471e-19,16
train,36,ind,3.5789675262120133e-19,17
train,36,ind,2.187638362164398e-19,18
train,36,ind,2.296710914723523e-19,19
train,36,ind,1.8724016401780293e-19,20
train,36,ind,1.9131538562781906e-19,21
train,36,ind,1.98975788958399e-19,22
train,36,ind,1.871516815416539e-19,23
train,36,ind,1.7607091222756132e-19,24
train,36,ind,1.9133942556437138e-19,25
train,36,ind,1.9214719328192355e-19,26
train,36,ind,2.4360262244533527e-19,27
train,36,ind,2.5596225176052604e-19,28
train,36,ind,2.7912511836960077e-19,29
train,36,ind,2.77617788498376e-19,30
train,36,ind,2.723779095105823e-19,31
train,36,ind,3.1316977858135787e-19,32
train,36,ind,3.4775805155192715e-19,33
train,36,ind,3.9061345190768696e-19,34
train,36,ind,4.750830681100708e-19,35
train,36,ind,4.839514265536166e-19,36
train,36,ind,4.989374577112398e-19,37
train,36,ind,6.914780141485236e-19,38
train,36,ind,6.01871347848244e-19,39
train,36,ind,7.089534453596251e-19,40
test,36,ind,8.512983503118307e-30,41
test,36,ind,4.9998739391271394e-23,42
test,36,ind,4.0168173273323455e-21,43
test,36,ind,1.8063748881495675e-20,44
test,36,ind,2.142635762497164e-20,45
test,36,ind,1.15431307062731e-18,46
test,36,ind,1.804779657413562e-20,47
test,36,ind,8.589528845789855e-17,48
test,36,ind,9.528089782772485e-19,49
test,36,ind,4.882661363380125e-20,50
test,36,ind,1.4481417896741353e-16,51
test,36,ind,5.630522140655279e-20,52
test,36,ind,4.605236408777111e-17,53
test,36,ind,4.730023056189513e-18,54
test,36,ind,4.583002908020573e-20,55
test,36,ind,2.3207012204390924e-19,56
test,36,ind,6.729216853514837e-17,57
test,36,ind,1.440051653090637e-18,58
test,36,ind,1.9923219447557028e-16,59
test,36,ind,1.819277051011365e-18,60
test,36,ind,3.1732891611355385e-17,61
test,36,ind,2.1244346547819577e-19,62
test,36,ind,7.655318605859652e-16,63
test,36,ind,9.23681223349138e-17,64
train,38,ind,2.260893360303767e-30,1
train,38,ind,1.583436615333611e-13,2
train,38,ind,3.748354233880542e-14,3
train,38,ind,4.300867726737302e-14,4
train,38,ind,4.142090723148126e-14,5
train,38,ind,5.3111635640694377e-14,6
train,38,ind,6.944104850598737e-14,7
train,38,ind,5.1685679390914285e-14,8
train,38,ind,5.336515598993938e-14,9
train,38,ind,8.385563836192655e-14,10
train,38,ind,1.0764963410698353e-13,11
train,38,ind,1.0562733278101852e-13,12
train,38,ind,9.517556962814963e-14,13
train,38,ind,8.856440971219404e-14,14
train,38,ind,7.253478552385687e-14,15
train,38,ind,8.180970820486494e-14,16
train,38,ind,8.557501360089911e-14,17
train,38,ind,9.010302812022253e-14,18
train,38,ind,7.252048760770721e-14,19
train,38,ind,8.52067982143323e-14,20
train,38,ind,9.764725242581915e-14,21
train,38,ind,9.824399730155517e-14,22
train,38,ind,8.538453960798414e-14,23
train,38,ind,8.400041323327126e-14,24
train,38,ind,9.923125824729331e-14,25
train,38,ind,1.145682805353196e-13,26
train,38,ind,9.291949398500601e-14,27
train,38,ind,9.710113301527462e-14,28
train,38,ind,9.807393341453724e-14,29
train,38,ind,1.0021021149388479e-13,30
train,38,ind,1.0017895258999931e-13,31
train,38,ind,1.05290186562957e-13,32
train,38,ind,1.0924670456463614e-13,33
train,38,ind,1.1804535756006207e-13,34
train,38,ind,1.4696510881092445e-13,35
train,38,ind,1.6386348387128352e-13,36
train,38,ind,1.4823069800686678e-13,37
train,38,ind,1.4172662338423486e-13,38
train,38,ind,1.4471435931095317e-13,39
train,38,ind,1.1670943074817974e-13,40
test,38,ind,3.3820449270220037e-29,41
test,38,ind,9.32640744844947e-24,42
test,38,ind,3.699099596652072e-21,43
test,38,ind,1.9784635138014027e-20,44
test,38,ind,3.1374199288699493e-21,45
test,38,ind,2.39330984213929e-19,46
test,38,ind,5.487387453693957e-19,47
test,38,ind,1.9104432888084309e-19,48
test,38,ind,8.786229748477005e-17,49
test,38,ind,2.9664265905155366e-21,50
test,38,ind,1.4552758915851602e-17,51
test,38,ind,9.157554356626327e-20,52
test,38,ind,1.0276005854486649e-16,53
test,38,ind,4.74636545675657e-19,54
test,38,ind,4.263901387798288e-16,55
test,38,ind,1.1523294294798618e-16,56
test,38,ind,7.756605986783515e-19,57
test,38,ind,1.4897865078058472e-18,58
test,38,ind,2.430561455736521e-18,59
test,38,ind,8.807014481164747e-17,60
test,38,ind,1.948996838160911e-17,61
test,38,ind,1.554553347697611e-16,62
test,38,ind,1.2254395166051203e-15,63
test,38,ind,6.762511865786831e-17,64
train,41,ind,9.683430563316808e-30,1
train,41,ind,2.0764768756450364e-13,2
train,41,ind,3.368769564519869e-13,3
train,41,ind,1.7037742473368506e-13,4
train,41,ind,1.5439612208092285e-13,5
train,41,ind,2.127702446739002e-13,6
train,41,ind,3.181566880609832e-13,7
train,41,ind,3.25154942033834e-13,8
train,41,ind,1.788999720933604e-13,9
train,41,ind,3.368890453062101e-13,10
train,41,ind,4.772078457219997e-13,11
train,41,ind,5.531481848085329e-13,12
train,41,ind,6.748064021629141e-13,13
train,41,ind,4.875113442277812e-13,14
train,41,ind,4.3270560203499675e-13,15
train,41,ind,3.311204121222294e-13,16
train,41,ind,3.5383040898270823e-13,17
train,41,ind,4.1016289756973245e-13,18
train,41,ind,4.578419349372809e-13,19
train,41,ind,4.927961792973445e-13,20
train,41,ind,6.698899247814527e-13,21
train,41,ind,6.300871825161425e-13,22
train,41,ind,5.459410592871528e-13,23
train,41,ind,4.71289673953379e-13,24
train,41,ind,5.145381191430654e-13,25
train,41,ind,5.08026888786095e-13,26
train,41,ind,5.031686872714047e-13,27
train,41,ind,4.0766131789715665e-13,28
train,41,ind,4.819842983928846e-13,29
train,41,ind,5.548467501420573e-13,30
train,41,ind,5.580137046878875e-13,31
train,41,ind,6.506315126421358e-13,32
train,41,ind,6.949216592791463e-13,33
train,41,ind,9.666741148869895e-13,34
train,41,ind,1.0965860381198511e-12,35
train,41,ind,1.4553608969000709e-12,36
train,41,ind,1.4711473142123288e-12,37
train,41,ind,1.5171001390909544e-12,38
train,41,ind,1.4775761994142989e-12,39
train,41,ind,1.2066581457984005e-12,40
test,41,ind,7.797622729033421e-27,41
test,41,ind,4.840681177364815e-23,42
test,41,ind,1.1170263535528337e-18,43
test,41,ind,1.0774008899251146e-20,44
test,41,ind,4.449184815752042e-17,45
test,41,ind,3.908297127858427e-23,46
test,41,ind,8.88466527534658e-19,47
test,41,ind,2.1002893302497173e-17,48
test,41,ind,1.1091328791599698e-19,49
test,41,ind,6.427150966530632e-19,50
test,41,ind,4.6411099084545554e-17,51
test,41,ind,1.2494573905961446e-17,52
test,41,ind,6.034718130865634e-20,53
test,41,ind,7.29597784817902e-17,54
test,41,ind,1.2259066900171167e-18,55
test,41,ind,1.2586317996624805e-16,56
test,41,ind,1.1231614694380782e-17,57
test,41,ind,1.4311916016083927e-16,58
test,41,ind,1.1117551709487337e-19,59
test,41,ind,1.9640169078007407e-18,60
test,41,ind,7.968056801922434e-17,61
test,41,ind,2.915630010386906e-17,62
test,41,ind,1.7230196974897943e-17,63
test,41,ind,1.0726031812384899e-16,64
train,42,ind,8.715821001354108e-32,1
train,42,ind,4.485332867924449e-14,2
train,42,ind,3.4408787668097074e-13,3
train,42,ind,2.2010400500902666e-13,4
train,42,ind,2.982344189314534e-13,5
train,42,ind,2.816356631414607e-13,6
train,42,ind,3.915698603036699e-13,7
train,42,ind,3.5052044817032724e-13,8
train,42,ind,2.530325937926542e-13,9
train,42,ind,3.830490612199977e-13,10
train,42,ind,3.7053769341016674e-13,11
train,42,ind,5.117248313459e-13,12
train,42,ind,4.4185141656605254e-13,13
train,42,ind,3.556509741656916e-13,14
train,42,ind,2.8726413608959334e-13,15
train,42,ind,3.0532892295216663e-13,16
train,42,ind,3.799532303366826e-13,17
train,42,ind,4.964836050960764e-13,18
train,42,ind,6.155771422114431e-13,19
train,42,ind,7.063401512991119e-13,20
train,42,ind,6.278163752759802e-13,21
train,42,ind,5.323259194556229e-13,22
train,42,ind,4.66553770443745e-13,23
train,42,ind,3.927486862207591e-13,24
train,42,ind,4.119897511253162e-13,25
train,42,ind,4.66152669850034e-13,26
train,42,ind,4.516376964254498e-13,27
train,42,ind,4.829789454659228e-13,28
train,42,ind,4.3482191046557983e-13,29
train,42,ind,3.692406081411137e-13,30
train,42,ind,3.655753000667006e-13,31
train,42,ind,2.6242444090170125e-13,32
train,42,ind,1.9460728330460836e-13,33
train,42,ind,1.22247996231159e-13,34
train,42,ind,1.3250354589586233e-13,35
train,42,ind,7.710315269278747e-14,36
train,42,ind,8.861838942785666e-14,37
train,42,ind,6.480566409027e-14,38
train,42,ind,7.39332098147194e-14,39
train,42,ind,6.522417968137656e-14,40
test,42,ind,2.39063902896775e-25,41
test,42,ind,2.455897350136932e-24,42
test,42,ind,7.344301086059372e-22,43
test,42,ind,7.886605724164091e-21,44
test,42,ind,1.313713769157031e-21,45
test,42,ind,2.0320695026975272e-20,46
test,42,ind,2.045373765809905e-19,47
test,42,ind,8.988877366325132e-20,48
test,42,ind,6.465685692354297e-20,49
test,42,ind,3.8296696847585263e-19,50
test,42,ind,7.023627416574411e-20,51
test,42,ind,2.247485654964434e-19,52
test,42,ind,2.8640705193174956e-17,53
test,42,ind,8.567451850190151e-19,54
test,42,ind,4.014260208328563e-19,55
test,42,ind,1.7760690649195045e-18,56
test,42,ind,8.996840272190662e-19,57
test,42,ind,2.180105840439531e-16,58
test,42,ind,3.3572720068083207e-19,59
test,42,ind,7.496506280996575e-17,60
test,42,ind,1.1108728535784751e-18,61
test,42,ind,2.173430426721779e-16,62
test,42,ind,8.177376220776989e-19,63
test,42,ind,6.993594232849727e-16,64
