"","blockcollect","ID","condition","p","trialcollect"
"1","train",2,"m1",7.25619220674366e-27,1
"2","train",2,"m1",1.41064257172009e-13,2
"3","train",2,"m1",9.16694148145325e-07,3
"4","train",2,"m1",5.81521995002277e-08,4
"5","train",2,"m1",1.5249733564815e-07,5
"6","train",2,"m1",0.000306340720271692,6
"7","train",2,"m1",0.00922961719334126,7
"8","train",2,"m1",0.0142231024801731,8
"9","train",2,"m1",0.0119028454646468,9
"10","train",2,"m1",3.87163481718744e-06,10
"11","train",2,"m1",0.0022210069000721,11
"12","train",2,"m1",0.00784709211438894,12
"13","train",2,"m1",0.050729364156723,13
"14","train",2,"m1",0.00269795674830675,14
"15","train",2,"m1",0.112750254571438,15
"16","train",2,"m1",0.0489818155765533,16
"17","train",2,"m1",0.0247180908918381,17
"18","train",2,"m1",3.20120816468261e-05,18
"19","train",2,"m1",0.0170886814594269,19
"20","train",2,"m1",6.3316743762698e-05,20
"21","train",2,"m1",0.0526542738080025,21
"22","train",2,"m1",0.0187348369508982,22
"23","train",2,"m1",0.19821372628212,23
"24","train",2,"m1",0.00570214865729213,24
"25","train",2,"m1",0.0915742740035057,25
"26","train",2,"m1",0.102843590080738,26
"27","train",2,"m1",0.00584084866568446,27
"28","train",2,"m1",0.0415723472833633,28
"29","train",2,"m1",0.0385945066809654,29
"30","train",2,"m1",0.000102888341643848,30
"31","train",2,"m1",0.140468433499336,31
"32","train",2,"m1",0.00045776242041029,32
"33","train",2,"m1",0.347019493579865,33
"34","train",2,"m1",0.182546228170395,34
"35","train",2,"m1",0.0250492244958878,35
"36","train",2,"m1",0.0395787060260773,36
"37","train",2,"m1",0.0494110248982906,37
"38","train",2,"m1",0.107296861708164,38
"39","train",2,"m1",0.000989256892353296,39
"40","train",2,"m1",0.0115315653383732,40
"41","test",2,"m1",5.4037336443707e-19,41
"42","test",2,"m1",2.34730568315911e-10,42
"43","test",2,"m1",2.89889206389615e-11,43
"44","test",2,"m1",2.91988135059373e-12,44
"45","test",2,"m1",0.00618404848501086,45
"46","test",2,"m1",0.0250761415809393,46
"47","test",2,"m1",1.4445699036969e-07,47
"48","test",2,"m1",1.59163946023e-07,48
"49","test",2,"m1",0.0756280571222305,49
"50","test",2,"m1",0.000727901177015156,50
"51","test",2,"m1",0.0745657160878181,51
"52","test",2,"m1",0.521968960762024,52
"53","test",2,"m1",0.000366206571925431,53
"54","test",2,"m1",6.59065244690282e-06,54
"55","test",2,"m1",1.59714818437351e-05,55
"56","test",2,"m1",0.03738709166646,56
"57","test",2,"m1",0.00259728170931339,57
"58","test",2,"m1",0.129656627774239,58
"59","test",2,"m1",0.00299412268213928,59
"60","test",2,"m1",0.0725158601999283,60
"61","test",2,"m1",0.0220427326858044,61
"62","test",2,"m1",2.99832972814329e-05,62
"63","test",2,"m1",0.128940284252167,63
"64","test",2,"m1",0.236416712403297,64
"65","train",3,"m1",6.68785941368515e-24,1
"66","train",3,"m1",1.34853362675279e-14,2
"67","train",3,"m1",5.83176562596321e-11,3
"68","train",3,"m1",0.00227889535017312,4
"69","train",3,"m1",2.49389745476947e-06,5
"70","train",3,"m1",4.73480258733616e-06,6
"71","train",3,"m1",2.18400987250789e-06,7
"72","train",3,"m1",0.0017198104178533,8
"73","train",3,"m1",0.132613450288773,9
"74","train",3,"m1",6.81281107972609e-06,10
"75","train",3,"m1",0.00735571840777993,11
"76","train",3,"m1",0.000152829248690978,12
"77","train",3,"m1",0.00320604373700917,13
"78","train",3,"m1",0.0189950801432133,14
"79","train",3,"m1",0.0823126435279846,15
"80","train",3,"m1",0.00633637327700853,16
"81","train",3,"m1",0.00381103786639869,17
"82","train",3,"m1",0.00190811499487609,18
"83","train",3,"m1",0.00249478151090443,19
"84","train",3,"m1",0.014239439740777,20
"85","train",3,"m1",0.31109157204628,21
"86","train",3,"m1",0.0697931498289108,22
"87","train",3,"m1",0.519720733165741,23
"88","train",3,"m1",0.0709545090794563,24
"89","train",3,"m1",0.000402544450480491,25
"90","train",3,"m1",0.00525070261210203,26
"91","train",3,"m1",0.21637037396431,27
"92","train",3,"m1",0.00143323559314013,28
"93","train",3,"m1",0.0502335280179977,29
"94","train",3,"m1",0.121128223836422,30
"95","train",3,"m1",0.0312100239098072,31
"96","train",3,"m1",0.0011263428023085,32
"97","train",3,"m1",0.198857098817825,33
"98","train",3,"m1",0.00254411110654473,34
"99","train",3,"m1",0.0739191919565201,35
"100","train",3,"m1",0.294684261083603,36
"101","train",3,"m1",0.130204990506172,37
"102","train",3,"m1",0.0639223009347916,38
"103","train",3,"m1",0.00258717825636268,39
"104","train",3,"m1",0.0156322680413723,40
"105","test",3,"m1",2.22877423981804e-12,41
"106","test",3,"m1",7.92759358592826e-13,42
"107","test",3,"m1",2.97910759172737e-07,43
"108","test",3,"m1",1.64399398272508e-06,44
"109","test",3,"m1",0.000519900408107787,45
"110","test",3,"m1",0.00037152279401198,46
"111","test",3,"m1",0.00325812213122845,47
"112","test",3,"m1",0.0733034461736679,48
"113","test",3,"m1",0.0225567556917667,49
"114","test",3,"m1",5.94009998167166e-06,50
"115","test",3,"m1",0.0759224966168404,51
"116","test",3,"m1",0.0169454924762249,52
"117","test",3,"m1",0.0105635309591889,53
"118","test",3,"m1",1.32988453582783e-10,54
"119","test",3,"m1",0.000209984558750875,55
"120","test",3,"m1",0.0047298208810389,56
"121","test",3,"m1",0.00215355353429914,57
"122","test",3,"m1",0.0219856910407543,58
"123","test",3,"m1",0.00415416341274977,59
"124","test",3,"m1",0.0266392230987549,60
"125","test",3,"m1",0.0190524663776159,61
"126","test",3,"m1",0.017226692289114,62
"127","test",3,"m1",0.100530192255974,63
"128","test",3,"m1",0.0978973433375359,64
"129","train",4,"m1",2.01013144748145e-26,1
"130","train",4,"m1",6.55336288707398e-12,2
"131","train",4,"m1",1.77065428985657e-09,3
"132","train",4,"m1",3.77663367245873e-09,4
"133","train",4,"m1",8.5591272958041e-10,5
"134","train",4,"m1",0.00459753721952438,6
"135","train",4,"m1",0.0268760062754154,7
"136","train",4,"m1",0.0057461354881525,8
"137","train",4,"m1",0.0702815353870392,9
"138","train",4,"m1",0.0669467523694038,10
"139","train",4,"m1",0.214598953723907,11
"140","train",4,"m1",0.00373910809867084,12
"141","train",4,"m1",0.0253567472100258,13
"142","train",4,"m1",0.0269410479813814,14
"143","train",4,"m1",0.0022528872359544,15
"144","train",4,"m1",1.00237002698123e-05,16
"145","train",4,"m1",0.0174450613558292,17
"146","train",4,"m1",0.0291066840291023,18
"147","train",4,"m1",0.214080482721329,19
"148","train",4,"m1",0.019062103703618,20
"149","train",4,"m1",0.0687689259648323,21
"150","train",4,"m1",0.00961615424603224,22
"151","train",4,"m1",0.0224798917770386,23
"152","train",4,"m1",0.269120991230011,24
"153","train",4,"m1",0.00227991072461009,25
"154","train",4,"m1",0.152989238500595,26
"155","train",4,"m1",7.88184628675026e-10,27
"156","train",4,"m1",0.0283543784171343,28
"157","train",4,"m1",0.0176172088831663,29
"158","train",4,"m1",0.000317863363306969,30
"159","train",4,"m1",0.00965926889330149,31
"160","train",4,"m1",0.154089093208313,32
"161","train",4,"m1",0.191745683550835,33
"162","train",4,"m1",0.00520598003640771,34
"163","train",4,"m1",0.0125870341435075,35
"164","train",4,"m1",0.00627543404698372,36
"165","train",4,"m1",0.0135080209001899,37
"166","train",4,"m1",0.13561250269413,38
"167","train",4,"m1",0.0706875994801521,39
"168","train",4,"m1",0.0403120070695877,40
"169","test",4,"m1",9.2972216058574e-19,41
"170","test",4,"m1",3.11068309999385e-10,42
"171","test",4,"m1",7.60878737793291e-09,43
"172","test",4,"m1",1.07110409430788e-08,44
"173","test",4,"m1",7.6023079600418e-06,45
"174","test",4,"m1",0.00258266227319837,46
"175","test",4,"m1",5.03633491462097e-05,47
"176","test",4,"m1",0.0829954296350479,48
"177","test",4,"m1",0.0317847058176994,49
"178","test",4,"m1",0.0155154345557094,50
"179","test",4,"m1",4.91116370540112e-05,51
"180","test",4,"m1",0.175099268555641,52
"181","test",4,"m1",0.149638935923576,53
"182","test",4,"m1",0.204733297228813,54
"183","test",4,"m1",2.93545617751079e-05,55
"184","test",4,"m1",0.0579374991357327,56
"185","test",4,"m1",0.322598814964294,57
"186","test",4,"m1",0.172480195760727,58
"187","test",4,"m1",0.000277883111266419,59
"188","test",4,"m1",0.545132637023926,60
"189","test",4,"m1",0.00147402414586395,61
"190","test",4,"m1",0.569418787956238,62
"191","test",4,"m1",0.00823564641177654,63
"192","test",4,"m1",0.000227216994971968,64
"193","train",7,"m1",7.46700973698573e-26,1
"194","train",7,"m1",1.00547533047766e-15,2
"195","train",7,"m1",0.0012519775191322,3
"196","train",7,"m1",1.58361658009198e-07,4
"197","train",7,"m1",2.50434226245488e-07,5
"198","train",7,"m1",1.24161097119213e-05,6
"199","train",7,"m1",0.00664644362404943,7
"200","train",7,"m1",0.0292409062385559,8
"201","train",7,"m1",0.00206907466053963,9
"202","train",7,"m1",3.53937211912125e-05,10
"203","train",7,"m1",0.017217306420207,11
"204","train",7,"m1",0.0725504606962204,12
"205","train",7,"m1",0.0952643156051636,13
"206","train",7,"m1",0.000338866200763732,14
"207","train",7,"m1",0.0136937741190195,15
"208","train",7,"m1",0.0134428646415472,16
"209","train",7,"m1",0.074027918279171,17
"210","train",7,"m1",0.0549990795552731,18
"211","train",7,"m1",0.0392623990774155,19
"212","train",7,"m1",0.0134656680747867,20
"213","train",7,"m1",0.00736090214923024,21
"214","train",7,"m1",9.62466583587229e-05,22
"215","train",7,"m1",0.136910274624825,23
"216","train",7,"m1",0.0744565948843956,24
"217","train",7,"m1",0.0181342735886574,25
"218","train",7,"m1",0.0298137757927179,26
"219","train",7,"m1",0.0980392098426819,27
"220","train",7,"m1",0.353845357894897,28
"221","train",7,"m1",0.251264840364456,29
"222","train",7,"m1",0.000315842451527715,30
"223","train",7,"m1",0.156888946890831,31
"224","train",7,"m1",0.00104683823883533,32
"225","train",7,"m1",0.00106298865284771,33
"226","train",7,"m1",0.00195088086184114,34
"227","train",7,"m1",0.0984734296798706,35
"228","train",7,"m1",0.463129132986069,36
"229","train",7,"m1",0.00538092060014606,37
"230","train",7,"m1",5.93830445723142e-05,38
"231","train",7,"m1",0.0614581704139709,39
"232","train",7,"m1",0.320581048727036,40
"233","test",7,"m1",8.95558312837691e-13,41
"234","test",7,"m1",2.15338219478056e-10,42
"235","test",7,"m1",2.09208195656174e-07,43
"236","test",7,"m1",1.60052979936154e-06,44
"237","test",7,"m1",0.000250960030825809,45
"238","test",7,"m1",2.04659954761155e-07,46
"239","test",7,"m1",0.0337527580559254,47
"240","test",7,"m1",0.00113860203418881,48
"241","test",7,"m1",0.00310730026103556,49
"242","test",7,"m1",0.0495426468551159,50
"243","test",7,"m1",0.0240347553044558,51
"244","test",7,"m1",0.00147501542232931,52
"245","test",7,"m1",0.648789584636688,53
"246","test",7,"m1",0.00274887005798519,54
"247","test",7,"m1",0.162287145853043,55
"248","test",7,"m1",0.0268739275634289,56
"249","test",7,"m1",0.0853496044874191,57
"250","test",7,"m1",0.00375828519463539,58
"251","test",7,"m1",0.0819563120603561,59
"252","test",7,"m1",0.0803262069821358,60
"253","test",7,"m1",0.706839263439178,61
"254","test",7,"m1",0.264781624078751,62
"255","test",7,"m1",0.0637994110584259,63
"256","test",7,"m1",0.0115475812926888,64
"257","train",8,"m1",1.50336273381e-26,1
"258","train",8,"m1",1.88183166965894e-11,2
"259","train",8,"m1",1.78671144546172e-09,3
"260","train",8,"m1",4.6431657347093e-13,4
"261","train",8,"m1",0.000345637963619083,5
"262","train",8,"m1",3.38866957463324e-05,6
"263","train",8,"m1",0.032425731420517,7
"264","train",8,"m1",0.0340878032147884,8
"265","train",8,"m1",0.0649855136871338,9
"266","train",8,"m1",0.171001479029655,10
"267","train",8,"m1",2.58966764477009e-07,11
"268","train",8,"m1",0.282119423151016,12
"269","train",8,"m1",0.101506374776363,13
"270","train",8,"m1",0.523457825183868,14
"271","train",8,"m1",0.196030229330063,15
"272","train",8,"m1",0.140506997704506,16
"273","train",8,"m1",0.00518772192299366,17
"274","train",8,"m1",0.0344263017177582,18
"275","train",8,"m1",0.377409100532532,19
"276","train",8,"m1",0.721174120903015,20
"277","train",8,"m1",1.50249093167076e-07,21
"278","train",8,"m1",0.203220680356026,22
"279","train",8,"m1",0.408171653747559,23
"280","train",8,"m1",0.00113119278103113,24
"281","train",8,"m1",0.00236433744430542,25
"282","train",8,"m1",0.158260092139244,26
"283","train",8,"m1",0.534659326076508,27
"284","train",8,"m1",7.61873670853674e-05,28
"285","train",8,"m1",0.459358364343643,29
"286","train",8,"m1",0.649483025074005,30
"287","train",8,"m1",0.00488064670935273,31
"288","train",8,"m1",0.404560416936874,32
"289","train",8,"m1",0.0164871457964182,33
"290","train",8,"m1",0.315190434455872,34
"291","train",8,"m1",1.57923004735494e-05,35
"292","train",8,"m1",0.00125486392062157,36
"293","train",8,"m1",0.00155694806016982,37
"294","train",8,"m1",0.0248205289244652,38
"295","train",8,"m1",0.0054304301738739,39
"296","train",8,"m1",0.00042898635729216,40
"297","test",8,"m1",9.86518216750615e-20,41
"298","test",8,"m1",4.59789324669391e-13,42
"299","test",8,"m1",2.82894518477406e-07,43
"300","test",8,"m1",0.0408829413354397,44
"301","test",8,"m1",2.11416340789583e-06,45
"302","test",8,"m1",0.00144865876063704,46
"303","test",8,"m1",0.00165437685791403,47
"304","test",8,"m1",0.194150626659393,48
"305","test",8,"m1",1.22825598580789e-08,49
"306","test",8,"m1",0.000447262224042788,50
"307","test",8,"m1",0.0957980304956436,51
"308","test",8,"m1",2.42783225985477e-05,52
"309","test",8,"m1",0.12924513220787,53
"310","test",8,"m1",0.000725335034076124,54
"311","test",8,"m1",0.00128036679234356,55
"312","test",8,"m1",0.00100392790045589,56
"313","test",8,"m1",0.0138774877414107,57
"314","test",8,"m1",0.107155881822109,58
"315","test",8,"m1",0.0541479736566544,59
"316","test",8,"m1",0.0791240632534027,60
"317","test",8,"m1",0.000871135795023292,61
"318","test",8,"m1",0.025236526504159,62
"319","test",8,"m1",0.360978424549103,63
"320","test",8,"m1",0.0213339813053608,64
"321","train",9,"m1",5.11511855419887e-27,1
"322","train",9,"m1",1.14611644827511e-11,2
"323","train",9,"m1",2.63552331000727e-12,3
"324","train",9,"m1",6.26477549303672e-06,4
"325","train",9,"m1",2.7598956876318e-05,5
"326","train",9,"m1",0.0893499031662941,6
"327","train",9,"m1",3.07928445408834e-07,7
"328","train",9,"m1",0.041836854070425,8
"329","train",9,"m1",0.175383642315865,9
"330","train",9,"m1",0.0278063826262951,10
"331","train",9,"m1",0.239692822098732,11
"332","train",9,"m1",1.29074287542608e-05,12
"333","train",9,"m1",1.43228071465273e-05,13
"334","train",9,"m1",0.0765422061085701,14
"335","train",9,"m1",0.0220316853374243,15
"336","train",9,"m1",0.0337886065244675,16
"337","train",9,"m1",0.00657214783132076,17
"338","train",9,"m1",0.0179566442966461,18
"339","train",9,"m1",0.0335190072655678,19
"340","train",9,"m1",0.0376592762768269,20
"341","train",9,"m1",0.0315703637897968,21
"342","train",9,"m1",0.0483988672494888,22
"343","train",9,"m1",0.00763702066615224,23
"344","train",9,"m1",0.254961729049683,24
"345","train",9,"m1",0.0444247610867023,25
"346","train",9,"m1",0.365439713001251,26
"347","train",9,"m1",0.083339512348175,27
"348","train",9,"m1",0.296123057603836,28
"349","train",9,"m1",0.0233686435967684,29
"350","train",9,"m1",0.0115450220182538,30
"351","train",9,"m1",0.00285384408198297,31
"352","train",9,"m1",0.00832593999803066,32
"353","train",9,"m1",0.123131640255451,33
"354","train",9,"m1",0.00182261841837317,34
"355","train",9,"m1",0.0335695445537567,35
"356","train",9,"m1",0.197306141257286,36
"357","train",9,"m1",0.12190568447113,37
"358","train",9,"m1",0.101841129362583,38
"359","train",9,"m1",0.002711869077757,39
"360","train",9,"m1",0.0200743041932583,40
"361","test",9,"m1",6.46417329600182e-18,41
"362","test",9,"m1",1.11023812365829e-09,42
"363","test",9,"m1",0.000694044283591211,43
"364","test",9,"m1",1.28907046814675e-07,44
"365","test",9,"m1",0.014162216335535,45
"366","test",9,"m1",1.86587589823262e-09,46
"367","test",9,"m1",0.00139474135357887,47
"368","test",9,"m1",0.0531608201563358,48
"369","test",9,"m1",0.0116158109158278,49
"370","test",9,"m1",0.000696193485055119,50
"371","test",9,"m1",0.552247047424316,51
"372","test",9,"m1",0.137011840939522,52
"373","test",9,"m1",0.000527408963534981,53
"374","test",9,"m1",0.0378074534237385,54
"375","test",9,"m1",0.223827853798866,55
"376","test",9,"m1",0.0525156632065773,56
"377","test",9,"m1",0.0215163994580507,57
"378","test",9,"m1",0.443924456834793,58
"379","test",9,"m1",0.000308265240164474,59
"380","test",9,"m1",0.0911255553364754,60
"381","test",9,"m1",0.0790470987558365,61
"382","test",9,"m1",0.58843332529068,62
"383","test",9,"m1",0.0665434524416924,63
"384","test",9,"m1",0.00175076513551176,64
"385","train",11,"m1",2.92411878859414e-26,1
"386","train",11,"m1",6.24071905264145e-11,2
"387","train",11,"m1",4.50672346663517e-11,3
"388","train",11,"m1",6.62840271559162e-09,4
"389","train",11,"m1",8.14848817753955e-07,5
"390","train",11,"m1",0.00315268686972558,6
"391","train",11,"m1",0.0215730201452971,7
"392","train",11,"m1",0.129998177289963,8
"393","train",11,"m1",0.0012047205818817,9
"394","train",11,"m1",0.378318309783936,10
"395","train",11,"m1",0.00142977351788431,11
"396","train",11,"m1",0.000153574248543009,12
"397","train",11,"m1",0.348907470703125,13
"398","train",11,"m1",2.98770714834973e-07,14
"399","train",11,"m1",0.00252807908691466,15
"400","train",11,"m1",0.00901363883167505,16
"401","train",11,"m1",0.524863243103027,17
"402","train",11,"m1",0.109488613903522,18
"403","train",11,"m1",0.317949146032333,19
"404","train",11,"m1",0.0191353298723698,20
"405","train",11,"m1",0.000775715045165271,21
"406","train",11,"m1",0.220952570438385,22
"407","train",11,"m1",0.0379744842648506,23
"408","train",11,"m1",0.042017936706543,24
"409","train",11,"m1",0.000697266194038093,25
"410","train",11,"m1",0.0153619768097997,26
"411","train",11,"m1",0.00520650390535593,27
"412","train",11,"m1",0.0590747483074665,28
"413","train",11,"m1",0.00203324970789254,29
"414","train",11,"m1",0.00888229813426733,30
"415","train",11,"m1",0.000562310102395713,31
"416","train",11,"m1",0.0663225129246712,32
"417","train",11,"m1",0.11191963404417,33
"418","train",11,"m1",0.000711877713911235,34
"419","train",11,"m1",0.0970591157674789,35
"420","train",11,"m1",0.00650493241846561,36
"421","train",11,"m1",0.00172946532256901,37
"422","train",11,"m1",0.0884379670023918,38
"423","train",11,"m1",0.00164510495960712,39
"424","train",11,"m1",0.00084560428513214,40
"425","test",11,"m1",6.63024721676997e-21,41
"426","test",11,"m1",1.835037011233e-09,42
"427","test",11,"m1",0.0043444805778563,43
"428","test",11,"m1",9.36300828535686e-11,44
"429","test",11,"m1",1.80303231900325e-06,45
"430","test",11,"m1",3.80567364288709e-08,46
"431","test",11,"m1",0.0276581384241581,47
"432","test",11,"m1",0.00232680235058069,48
"433","test",11,"m1",0.0525078736245632,49
"434","test",11,"m1",0.00178774958476424,50
"435","test",11,"m1",0.0122864618897438,51
"436","test",11,"m1",0.00022325869940687,52
"437","test",11,"m1",0.00495304213836789,53
"438","test",11,"m1",0.000912738614715636,54
"439","test",11,"m1",0.0209915358573198,55
"440","test",11,"m1",0.10160144418478,56
"441","test",11,"m1",0.00444999989122152,57
"442","test",11,"m1",0.125017404556274,58
"443","test",11,"m1",0.649992167949677,59
"444","test",11,"m1",0.00405945209786296,60
"445","test",11,"m1",0.00744028436020017,61
"446","test",11,"m1",0.156016796827316,62
"447","test",11,"m1",0.0152984419837594,63
"448","test",11,"m1",0.00234417989850044,64
"449","train",12,"m1",2.06762003261682e-27,1
"450","train",12,"m1",1.43381122946762e-11,2
"451","train",12,"m1",0.00241002370603383,3
"452","train",12,"m1",0.12039789557457,4
"453","train",12,"m1",3.53044937034808e-12,5
"454","train",12,"m1",9.95162885431e-09,6
"455","train",12,"m1",0.0220504198223352,7
"456","train",12,"m1",0.0137246260419488,8
"457","train",12,"m1",0.120082244277,9
"458","train",12,"m1",3.35137428919552e-08,10
"459","train",12,"m1",0.222522929310799,11
"460","train",12,"m1",0.018043665215373,12
"461","train",12,"m1",0.000329117319779471,13
"462","train",12,"m1",0.0214632824063301,14
"463","train",12,"m1",0.0117599721997976,15
"464","train",12,"m1",1.46641426113092e-07,16
"465","train",12,"m1",4.78813672089018e-05,17
"466","train",12,"m1",0.0025964539963752,18
"467","train",12,"m1",0.00878773629665375,19
"468","train",12,"m1",0.0997727066278458,20
"469","train",12,"m1",0.00275389640592039,21
"470","train",12,"m1",0.0141957737505436,22
"471","train",12,"m1",0.0860403627157211,23
"472","train",12,"m1",0.02363545820117,24
"473","train",12,"m1",0.0168716982007027,25
"474","train",12,"m1",0.00484026176854968,26
"475","train",12,"m1",0.0326871499419212,27
"476","train",12,"m1",0.442573964595795,28
"477","train",12,"m1",0.000304962683003396,29
"478","train",12,"m1",0.706051051616669,30
"479","train",12,"m1",0.0109629491344094,31
"480","train",12,"m1",0.202886208891869,32
"481","train",12,"m1",0.304608434438705,33
"482","train",12,"m1",0.00327404611743987,34
"483","train",12,"m1",1.19743781397119e-05,35
"484","train",12,"m1",0.00150218780618161,36
"485","train",12,"m1",0.240732997655869,37
"486","train",12,"m1",0.0716506987810135,38
"487","train",12,"m1",0.000264149944996461,39
"488","train",12,"m1",0.191906556487083,40
"489","test",12,"m1",1.33900746740277e-17,41
"490","test",12,"m1",7.12170589167727e-09,42
"491","test",12,"m1",1.21149703602441e-08,43
"492","test",12,"m1",1.10083306026354e-06,44
"493","test",12,"m1",0.0166446883231401,45
"494","test",12,"m1",0.00232326262630522,46
"495","test",12,"m1",0.00088841188699007,47
"496","test",12,"m1",0.241678938269615,48
"497","test",12,"m1",0.0215610228478909,49
"498","test",12,"m1",0.00691747292876244,50
"499","test",12,"m1",0.0212342739105225,51
"500","test",12,"m1",0.339742422103882,52
"501","test",12,"m1",1.16621947654494e-06,53
"502","test",12,"m1",0.00063228775979951,54
"503","test",12,"m1",0.0512615144252777,55
"504","test",12,"m1",0.00215023313648999,56
"505","test",12,"m1",0.0269282311201096,57
"506","test",12,"m1",0.00585048645734787,58
"507","test",12,"m1",0.00492296181619167,59
"508","test",12,"m1",0.000766768178436905,60
"509","test",12,"m1",0.024456923827529,61
"510","test",12,"m1",0.014303338713944,62
"511","test",12,"m1",0.0277629718184471,63
"512","test",12,"m1",0.0877569243311882,64
"513","train",13,"m1",4.27605412496872e-26,1
"514","train",13,"m1",1.59009971530989e-13,2
"515","train",13,"m1",0.000599989900365472,3
"516","train",13,"m1",1.10038429648567e-13,4
"517","train",13,"m1",2.78887810623019e-08,5
"518","train",13,"m1",0.00531561300158501,6
"519","train",13,"m1",0.00345250382088125,7
"520","train",13,"m1",0.0107848858460784,8
"521","train",13,"m1",2.29521574510727e-05,9
"522","train",13,"m1",4.33378918387461e-05,10
"523","train",13,"m1",0.0178455375134945,11
"524","train",13,"m1",0.0132527900859714,12
"525","train",13,"m1",0.0451147742569447,13
"526","train",13,"m1",0.0276771727949381,14
"527","train",13,"m1",0.0412618741393089,15
"528","train",13,"m1",0.0197905246168375,16
"529","train",13,"m1",0.0202838946133852,17
"530","train",13,"m1",0.120544523000717,18
"531","train",13,"m1",0.00534870801493526,19
"532","train",13,"m1",0.0931905210018158,20
"533","train",13,"m1",0.0862299725413322,21
"534","train",13,"m1",0.0204882360994816,22
"535","train",13,"m1",0.0575045943260193,23
"536","train",13,"m1",0.0113364234566689,24
"537","train",13,"m1",0.0541257783770561,25
"538","train",13,"m1",0.068439245223999,26
"539","train",13,"m1",0.39624947309494,27
"540","train",13,"m1",0.510589122772217,28
"541","train",13,"m1",0.0672594681382179,29
"542","train",13,"m1",0.0274811275303364,30
"543","train",13,"m1",0.0213647559285164,31
"544","train",13,"m1",0.035588588565588,32
"545","train",13,"m1",0.0432970449328423,33
"546","train",13,"m1",0.349197655916214,34
"547","train",13,"m1",0.124323345720768,35
"548","train",13,"m1",0.0749203786253929,36
"549","train",13,"m1",0.0958454161882401,37
"550","train",13,"m1",0.00754859717562795,38
"551","train",13,"m1",0.114774920046329,39
"552","train",13,"m1",0.269776254892349,40
"553","test",13,"m1",1.17438007937706e-16,41
"554","test",13,"m1",2.34349197825168e-08,42
"555","test",13,"m1",0.00200160010717809,43
"556","test",13,"m1",0.0992630422115326,44
"557","test",13,"m1",1.07014530570382e-09,45
"558","test",13,"m1",0.0752665400505066,46
"559","test",13,"m1",6.40358666714747e-06,47
"560","test",13,"m1",9.54876497871737e-08,48
"561","test",13,"m1",0.0052695544436574,49
"562","test",13,"m1",0.0943492874503136,50
"563","test",13,"m1",0.000769478327129036,51
"564","test",13,"m1",0.0901754349470139,52
"565","test",13,"m1",0.00232546566985548,53
"566","test",13,"m1",0.0347000025212765,54
"567","test",13,"m1",0.029614944010973,55
"568","test",13,"m1",0.123691238462925,56
"569","test",13,"m1",0.226070731878281,57
"570","test",13,"m1",0.479607850313187,58
"571","test",13,"m1",0.0178421046584845,59
"572","test",13,"m1",0.100686483085155,60
"573","test",13,"m1",0.0349309407174587,61
"574","test",13,"m1",0.0292609911412001,62
"575","test",13,"m1",0.236145287752151,63
"576","test",13,"m1",0.147181823849678,64
"577","train",14,"m1",4.57902385933863e-26,1
"578","train",14,"m1",2.54597309285788e-15,2
"579","train",14,"m1",8.36400795378722e-06,3
"580","train",14,"m1",0.194915801286697,4
"581","train",14,"m1",1.04489653041107e-10,5
"582","train",14,"m1",0.00236452301032841,6
"583","train",14,"m1",0.0420406647026539,7
"584","train",14,"m1",1.38650246839234e-08,8
"585","train",14,"m1",0.0118720475584269,9
"586","train",14,"m1",3.25332138118029e-07,10
"587","train",14,"m1",0.00266952416859567,11
"588","train",14,"m1",0.000504042662214488,12
"589","train",14,"m1",0.138613477349281,13
"590","train",14,"m1",0.0320989079773426,14
"591","train",14,"m1",0.0260527618229389,15
"592","train",14,"m1",0.02921505831182,16
"593","train",14,"m1",0.00776276085525751,17
"594","train",14,"m1",0.00320192985236645,18
"595","train",14,"m1",0.0251497272402048,19
"596","train",14,"m1",0.00479089934378862,20
"597","train",14,"m1",0.000355611002305523,21
"598","train",14,"m1",0.359849184751511,22
"599","train",14,"m1",0.267025083303452,23
"600","train",14,"m1",0.00326708378270268,24
"601","train",14,"m1",0.00354967825114727,25
"602","train",14,"m1",0.073197215795517,26
"603","train",14,"m1",0.00825806241482496,27
"604","train",14,"m1",0.00259369146078825,28
"605","train",14,"m1",0.00054757297039032,29
"606","train",14,"m1",0.00849397666752338,30
"607","train",14,"m1",0.18505622446537,31
"608","train",14,"m1",0.00362354912795126,32
"609","train",14,"m1",0.135954961180687,33
"610","train",14,"m1",0.000822306552436203,34
"611","train",14,"m1",0.275194019079208,35
"612","train",14,"m1",0.0751675143837929,36
"613","train",14,"m1",0.00359961530193686,37
"614","train",14,"m1",0.0175602156668901,38
"615","train",14,"m1",0.35047322511673,39
"616","train",14,"m1",0.0550010874867439,40
"617","test",14,"m1",1.36874332465451e-14,41
"618","test",14,"m1",2.98912561369491e-11,42
"619","test",14,"m1",6.73164322506636e-06,43
"620","test",14,"m1",7.88324143741193e-08,44
"621","test",14,"m1",0.00784955453127623,45
"622","test",14,"m1",0.00850887410342693,46
"623","test",14,"m1",0.205612152814865,47
"624","test",14,"m1",2.6060985192089e-07,48
"625","test",14,"m1",0.0295938160270452,49
"626","test",14,"m1",0.010459971614182,50
"627","test",14,"m1",0.00527275819331408,51
"628","test",14,"m1",2.47978841798613e-05,52
"629","test",14,"m1",0.393964886665344,53
"630","test",14,"m1",1.53699360794235e-07,54
"631","test",14,"m1",4.81730166939087e-05,55
"632","test",14,"m1",0.175815522670746,56
"633","test",14,"m1",0.321186929941177,57
"634","test",14,"m1",0.00231464090757072,58
"635","test",14,"m1",0.0110230483114719,59
"636","test",14,"m1",4.27967916039051e-06,60
"637","test",14,"m1",0.0317782089114189,61
"638","test",14,"m1",0.290318578481674,62
"639","test",14,"m1",0.0781461000442505,63
"640","test",14,"m1",0.299250215291977,64
"641","train",1,"ind",5.71651506234867e-25,1
"642","train",1,"ind",0.00800537783652544,2
"643","train",1,"ind",0.409828692674637,3
"644","train",1,"ind",0.724321305751801,4
"645","train",1,"ind",0.836415350437164,5
"646","train",1,"ind",0.87667578458786,6
"647","train",1,"ind",0.910619795322418,7
"648","train",1,"ind",0.925177276134491,8
"649","train",1,"ind",0.938058853149414,9
"650","train",1,"ind",0.949012041091919,10
"651","train",1,"ind",0.950143694877625,11
"652","train",1,"ind",0.950284361839294,12
"653","train",1,"ind",0.948800265789032,13
"654","train",1,"ind",0.947948634624481,14
"655","train",1,"ind",0.948696494102478,15
"656","train",1,"ind",0.950593590736389,16
"657","train",1,"ind",0.952291131019592,17
"658","train",1,"ind",0.952484309673309,18
"659","train",1,"ind",0.952145576477051,19
"660","train",1,"ind",0.951999425888062,20
"661","train",1,"ind",0.951849937438965,21
"662","train",1,"ind",0.951886892318726,22
"663","train",1,"ind",0.951637744903564,23
"664","train",1,"ind",0.952039778232574,24
"665","train",1,"ind",0.952637434005737,25
"666","train",1,"ind",0.952773690223694,26
"667","train",1,"ind",0.953483283519745,27
"668","train",1,"ind",0.953478515148163,28
"669","train",1,"ind",0.953547358512878,29
"670","train",1,"ind",0.952928960323334,30
"671","train",1,"ind",0.952636480331421,31
"672","train",1,"ind",0.952586114406586,32
"673","train",1,"ind",0.952315390110016,33
"674","train",1,"ind",0.953167140483856,34
"675","train",1,"ind",0.953415095806122,35
"676","train",1,"ind",0.953803718090057,36
"677","train",1,"ind",0.954298794269562,37
"678","train",1,"ind",0.954551756381989,38
"679","train",1,"ind",0.954962849617004,39
"680","train",1,"ind",0.955085575580597,40
"681","test",1,"ind",4.69473546017217e-21,41
"682","test",1,"ind",1.66286533154203e-11,42
"683","test",1,"ind",8.81063806446036e-06,43
"684","test",1,"ind",0.00176584022119641,44
"685","test",1,"ind",0.54705685377121,45
"686","test",1,"ind",0.00455390894785523,46
"687","test",1,"ind",4.57092646684032e-05,47
"688","test",1,"ind",0.044765193015337,48
"689","test",1,"ind",1.69285048201573e-08,49
"690","test",1,"ind",0.000141276119393297,50
"691","test",1,"ind",0.0018844367004931,51
"692","test",1,"ind",0.0199023094028234,52
"693","test",1,"ind",0.0053732474334538,53
"694","test",1,"ind",6.19210084096267e-07,54
"695","test",1,"ind",0.0860636606812477,55
"696","test",1,"ind",0.444782286882401,56
"697","test",1,"ind",0.000540470529813319,57
"698","test",1,"ind",0.000114363683678675,58
"699","test",1,"ind",0.0264944676309824,59
"700","test",1,"ind",0.00125095248222351,60
"701","test",1,"ind",0.005976184271276,61
"702","test",1,"ind",0.00677284551784396,62
"703","test",1,"ind",9.2951777332928e-06,63
"704","test",1,"ind",0.0279001593589783,64
"705","train",5,"ind",5.97354135270923e-26,1
"706","train",5,"ind",0.00267494469881058,2
"707","train",5,"ind",0.419923394918442,3
"708","train",5,"ind",0.779228568077087,4
"709","train",5,"ind",0.889027118682861,5
"710","train",5,"ind",0.930298447608948,6
"711","train",5,"ind",0.942838728427887,7
"712","train",5,"ind",0.952369689941406,8
"713","train",5,"ind",0.963264584541321,9
"714","train",5,"ind",0.972350835800171,10
"715","train",5,"ind",0.972715854644775,11
"716","train",5,"ind",0.972550213336945,12
"717","train",5,"ind",0.973662376403809,13
"718","train",5,"ind",0.975076198577881,14
"719","train",5,"ind",0.976852834224701,15
"720","train",5,"ind",0.978091359138489,16
"721","train",5,"ind",0.979040741920471,17
"722","train",5,"ind",0.979482471942902,18
"723","train",5,"ind",0.979746639728546,19
"724","train",5,"ind",0.979835450649261,20
"725","train",5,"ind",0.979833841323853,21
"726","train",5,"ind",0.979911923408508,22
"727","train",5,"ind",0.979982614517212,23
"728","train",5,"ind",0.980136632919312,24
"729","train",5,"ind",0.980443954467773,25
"730","train",5,"ind",0.980820775032043,26
"731","train",5,"ind",0.98102867603302,27
"732","train",5,"ind",0.981172263622284,28
"733","train",5,"ind",0.981210172176361,29
"734","train",5,"ind",0.981209278106689,30
"735","train",5,"ind",0.981093943119049,31
"736","train",5,"ind",0.98101669549942,32
"737","train",5,"ind",0.981034874916077,33
"738","train",5,"ind",0.981087028980255,34
"739","train",5,"ind",0.981169700622559,35
"740","train",5,"ind",0.981396853923798,36
"741","train",5,"ind",0.981615722179413,37
"742","train",5,"ind",0.981898248195648,38
"743","train",5,"ind",0.982100009918213,39
"744","train",5,"ind",0.982100248336792,40
"745","test",5,"ind",3.04278827767332e-19,41
"746","test",5,"ind",4.83923372485151e-07,42
"747","test",5,"ind",1.42354412702161e-08,43
"748","test",5,"ind",0.00735838618129492,44
"749","test",5,"ind",0.0307854972779751,45
"750","test",5,"ind",0.118688091635704,46
"751","test",5,"ind",0.000116428782348521,47
"752","test",5,"ind",5.06449188142355e-11,48
"753","test",5,"ind",1.22768668120443e-07,49
"754","test",5,"ind",1.18780535558471e-05,50
"755","test",5,"ind",0.0846365690231323,51
"756","test",5,"ind",0.0026827035471797,52
"757","test",5,"ind",0.0560189709067345,53
"758","test",5,"ind",0.030503336340189,54
"759","test",5,"ind",0.000227098629693501,55
"760","test",5,"ind",0.164831608533859,56
"761","test",5,"ind",0.0804394483566284,57
"762","test",5,"ind",0.0316671952605247,58
"763","test",5,"ind",0.224658325314522,59
"764","test",5,"ind",0.200611621141434,60
"765","test",5,"ind",0.0265102498233318,61
"766","test",5,"ind",0.0547922067344189,62
"767","test",5,"ind",0.0175458621233702,63
"768","test",5,"ind",0.088039368391037,64
"769","train",6,"ind",1.51876912565921e-25,1
"770","train",6,"ind",0.00125129474326968,2
"771","train",6,"ind",0.520664155483246,3
"772","train",6,"ind",0.802584707736969,4
"773","train",6,"ind",0.872848033905029,5
"774","train",6,"ind",0.906876266002655,6
"775","train",6,"ind",0.928587138652802,7
"776","train",6,"ind",0.945934355258942,8
"777","train",6,"ind",0.957631409168243,9
"778","train",6,"ind",0.964225172996521,10
"779","train",6,"ind",0.964546978473663,11
"780","train",6,"ind",0.965327024459839,12
"781","train",6,"ind",0.966824769973755,13
"782","train",6,"ind",0.96799635887146,14
"783","train",6,"ind",0.969209849834442,15
"784","train",6,"ind",0.970462620258331,16
"785","train",6,"ind",0.971537411212921,17
"786","train",6,"ind",0.971958994865417,18
"787","train",6,"ind",0.971941649913788,19
"788","train",6,"ind",0.971635580062866,20
"789","train",6,"ind",0.971288919448853,21
"790","train",6,"ind",0.970947802066803,22
"791","train",6,"ind",0.970788180828094,23
"792","train",6,"ind",0.970972299575806,24
"793","train",6,"ind",0.971438348293304,25
"794","train",6,"ind",0.971765220165253,26
"795","train",6,"ind",0.972130596637726,27
"796","train",6,"ind",0.972299933433533,28
"797","train",6,"ind",0.972343385219574,29
"798","train",6,"ind",0.972335040569305,30
"799","train",6,"ind",0.972159266471863,31
"800","train",6,"ind",0.972089111804962,32
"801","train",6,"ind",0.971974432468414,33
"802","train",6,"ind",0.972193360328674,34
"803","train",6,"ind",0.972274422645569,35
"804","train",6,"ind",0.972550451755524,36
"805","train",6,"ind",0.972851991653442,37
"806","train",6,"ind",0.973137617111206,38
"807","train",6,"ind",0.973328232765198,39
"808","train",6,"ind",0.97328394651413,40
"809","test",6,"ind",3.80076686712234e-17,41
"810","test",6,"ind",5.7157288613479e-14,42
"811","test",6,"ind",3.57239038351054e-08,43
"812","test",6,"ind",7.77494402193213e-10,44
"813","test",6,"ind",4.66340425191447e-05,45
"814","test",6,"ind",0.123333021998405,46
"815","test",6,"ind",2.42418831675195e-08,47
"816","test",6,"ind",0.478659123182297,48
"817","test",6,"ind",0.0243051629513502,49
"818","test",6,"ind",0.000971760193351656,50
"819","test",6,"ind",0.615923464298248,51
"820","test",6,"ind",3.18869956572598e-06,52
"821","test",6,"ind",2.57855159446763e-08,53
"822","test",6,"ind",0.0452543161809444,54
"823","test",6,"ind",1.34906304083415e-06,55
"824","test",6,"ind",0.0789887756109238,56
"825","test",6,"ind",0.671145975589752,57
"826","test",6,"ind",0.00146592932287604,58
"827","test",6,"ind",0.408795952796936,59
"828","test",6,"ind",0.0352072976529598,60
"829","test",6,"ind",3.72376907087357e-10,61
"830","test",6,"ind",0.530479311943054,62
"831","test",6,"ind",0.692794144153595,63
"832","test",6,"ind",0.404691159725189,64
"833","train",10,"ind",5.07488356654469e-27,1
"834","train",10,"ind",0.00229800189845264,2
"835","train",10,"ind",0.286816269159317,3
"836","train",10,"ind",0.67875200510025,4
"837","train",10,"ind",0.790465950965881,5
"838","train",10,"ind",0.832881987094879,6
"839","train",10,"ind",0.852785706520081,7
"840","train",10,"ind",0.861688792705536,8
"841","train",10,"ind",0.869065642356873,9
"842","train",10,"ind",0.876481592655182,10
"843","train",10,"ind",0.883325159549713,11
"844","train",10,"ind",0.890113115310669,12
"845","train",10,"ind",0.900751948356628,13
"846","train",10,"ind",0.915401995182037,14
"847","train",10,"ind",0.925152897834778,15
"848","train",10,"ind",0.931598305702209,16
"849","train",10,"ind",0.934563398361206,17
"850","train",10,"ind",0.935400903224945,18
"851","train",10,"ind",0.934331655502319,19
"852","train",10,"ind",0.932618021965027,20
"853","train",10,"ind",0.931764900684357,21
"854","train",10,"ind",0.931379735469818,22
"855","train",10,"ind",0.932218730449677,23
"856","train",10,"ind",0.933526575565338,24
"857","train",10,"ind",0.934593498706818,25
"858","train",10,"ind",0.935464382171631,26
"859","train",10,"ind",0.936010301113129,27
"860","train",10,"ind",0.935943305492401,28
"861","train",10,"ind",0.936917662620544,29
"862","train",10,"ind",0.937046825885773,30
"863","train",10,"ind",0.937560319900513,31
"864","train",10,"ind",0.939225673675537,32
"865","train",10,"ind",0.941479206085205,33
"866","train",10,"ind",0.943613231182098,34
"867","train",10,"ind",0.94507110118866,35
"868","train",10,"ind",0.946079850196838,36
"869","train",10,"ind",0.946069657802582,37
"870","train",10,"ind",0.94626384973526,38
"871","train",10,"ind",0.947145164012909,39
"872","train",10,"ind",0.948062479496002,40
"873","test",10,"ind",1.78116510133468e-16,41
"874","test",10,"ind",3.74627939780936e-10,42
"875","test",10,"ind",3.19429177553232e-10,43
"876","test",10,"ind",0.000872747623361647,44
"877","test",10,"ind",0.461292803287506,45
"878","test",10,"ind",0.0458689369261265,46
"879","test",10,"ind",3.91342602767963e-08,47
"880","test",10,"ind",4.02809696709028e-09,48
"881","test",10,"ind",0.000141386306495406,49
"882","test",10,"ind",0.00442721555009484,50
"883","test",10,"ind",0.000417137809563428,51
"884","test",10,"ind",0.0108447503298521,52
"885","test",10,"ind",0.0968926846981049,53
"886","test",10,"ind",0.0621404722332954,54
"887","test",10,"ind",0.000300070561934263,55
"888","test",10,"ind",0.0845259875059128,56
"889","test",10,"ind",0.00131859490647912,57
"890","test",10,"ind",0.089605025947094,58
"891","test",10,"ind",0.0103889750316739,59
"892","test",10,"ind",0.0569635815918446,60
"893","test",10,"ind",0.00290522491559386,61
"894","test",10,"ind",0.193773597478867,62
"895","test",10,"ind",0.0351750403642654,63
"896","test",10,"ind",0.00841464474797249,64
"897","train",15,"ind",5.9458068521744e-25,1
"898","train",15,"ind",1.64677669545199e-06,2
"899","train",15,"ind",0.239327117800713,3
"900","train",15,"ind",0.594605207443237,4
"901","train",15,"ind",0.745540618896484,5
"902","train",15,"ind",0.780311703681946,6
"903","train",15,"ind",0.80549556016922,7
"904","train",15,"ind",0.862939298152924,8
"905","train",15,"ind",0.89460825920105,9
"906","train",15,"ind",0.912286996841431,10
"907","train",15,"ind",0.922250211238861,11
"908","train",15,"ind",0.929999470710754,12
"909","train",15,"ind",0.938731253147125,13
"910","train",15,"ind",0.938643038272858,14
"911","train",15,"ind",0.937542140483856,15
"912","train",15,"ind",0.943809270858765,16
"913","train",15,"ind",0.946179568767548,17
"914","train",15,"ind",0.947804510593414,18
"915","train",15,"ind",0.950477123260498,19
"916","train",15,"ind",0.952303647994995,20
"917","train",15,"ind",0.953199625015259,21
"918","train",15,"ind",0.953572332859039,22
"919","train",15,"ind",0.953491389751434,23
"920","train",15,"ind",0.953371107578278,24
"921","train",15,"ind",0.953690111637115,25
"922","train",15,"ind",0.954723715782166,26
"923","train",15,"ind",0.955591261386871,27
"924","train",15,"ind",0.95639967918396,28
"925","train",15,"ind",0.957083284854889,29
"926","train",15,"ind",0.957331776618958,30
"927","train",15,"ind",0.957528591156006,31
"928","train",15,"ind",0.95768928527832,32
"929","train",15,"ind",0.957749664783478,33
"930","train",15,"ind",0.957486391067505,34
"931","train",15,"ind",0.957080960273743,35
"932","train",15,"ind",0.956965267658234,36
"933","train",15,"ind",0.956676244735718,37
"934","train",15,"ind",0.956906259059906,38
"935","train",15,"ind",0.95760715007782,39
"936","train",15,"ind",0.958084881305695,40
"937","test",15,"ind",3.51309462590008e-17,41
"938","test",15,"ind",1.78702556224986e-11,42
"939","test",15,"ind",0.00793883297592402,43
"940","test",15,"ind",8.50169641353204e-08,44
"941","test",15,"ind",0.0491631776094437,45
"942","test",15,"ind",2.56595683367777e-07,46
"943","test",15,"ind",0.00160488276742399,47
"944","test",15,"ind",0.0194952338933945,48
"945","test",15,"ind",0.176786810159683,49
"946","test",15,"ind",0.000419481890276074,50
"947","test",15,"ind",0.126220107078552,51
"948","test",15,"ind",0.049859918653965,52
"949","test",15,"ind",3.54282207126744e-07,53
"950","test",15,"ind",0.0618266947567463,54
"951","test",15,"ind",0.0940162241458893,55
"952","test",15,"ind",0.276473551988602,56
"953","test",15,"ind",0.00430612824857235,57
"954","test",15,"ind",0.254171460866928,58
"955","test",15,"ind",0.00519087817519903,59
"956","test",15,"ind",0.022809699177742,60
"957","test",15,"ind",0.0931957960128784,61
"958","test",15,"ind",0.081950269639492,62
"959","test",15,"ind",0.319965422153473,63
"960","test",15,"ind",0.00301047554239631,64
"961","train",16,"ind",4.55971365371447e-25,1
"962","train",16,"ind",0.00273250718601048,2
"963","train",16,"ind",0.522132575511932,3
"964","train",16,"ind",0.774273157119751,4
"965","train",16,"ind",0.864033460617065,5
"966","train",16,"ind",0.911407232284546,6
"967","train",16,"ind",0.926237404346466,7
"968","train",16,"ind",0.937246203422546,8
"969","train",16,"ind",0.951237320899963,9
"970","train",16,"ind",0.950654208660126,10
"971","train",16,"ind",0.953747034072876,11
"972","train",16,"ind",0.95149177312851,12
"973","train",16,"ind",0.951202809810638,13
"974","train",16,"ind",0.955294191837311,14
"975","train",16,"ind",0.958485186100006,15
"976","train",16,"ind",0.959821343421936,16
"977","train",16,"ind",0.960146605968475,17
"978","train",16,"ind",0.960012435913086,18
"979","train",16,"ind",0.959903657436371,19
"980","train",16,"ind",0.960065543651581,20
"981","train",16,"ind",0.960592985153198,21
"982","train",16,"ind",0.961483597755432,22
"983","train",16,"ind",0.96212363243103,23
"984","train",16,"ind",0.962775707244873,24
"985","train",16,"ind",0.963368058204651,25
"986","train",16,"ind",0.963509142398834,26
"987","train",16,"ind",0.963704645633698,27
"988","train",16,"ind",0.963663935661316,28
"989","train",16,"ind",0.963785171508789,29
"990","train",16,"ind",0.963993906974792,30
"991","train",16,"ind",0.964338064193726,31
"992","train",16,"ind",0.965011477470398,32
"993","train",16,"ind",0.965451955795288,33
"994","train",16,"ind",0.966114819049835,34
"995","train",16,"ind",0.966126143932343,35
"996","train",16,"ind",0.966123878955841,36
"997","train",16,"ind",0.96579784154892,37
"998","train",16,"ind",0.965952277183533,38
"999","train",16,"ind",0.965987145900726,39
"1000","train",16,"ind",0.965974092483521,40
"1001","test",16,"ind",4.54388922039161e-20,41
"1002","test",16,"ind",3.32961602733661e-10,42
"1003","test",16,"ind",1.14825449148981e-09,43
"1004","test",16,"ind",9.87200043933711e-11,44
"1005","test",16,"ind",0.00188387476373464,45
"1006","test",16,"ind",0.0361684747040272,46
"1007","test",16,"ind",2.93588731103966e-09,47
"1008","test",16,"ind",0.0645081549882889,48
"1009","test",16,"ind",0.0251479707658291,49
"1010","test",16,"ind",0.0353710055351257,50
"1011","test",16,"ind",7.70418822071406e-08,51
"1012","test",16,"ind",6.35502583463676e-05,52
"1013","test",16,"ind",0.00454302597790956,53
"1014","test",16,"ind",0.0370856262743473,54
"1015","test",16,"ind",0.111905038356781,55
"1016","test",16,"ind",9.39115270739421e-05,56
"1017","test",16,"ind",0.135443612933159,57
"1018","test",16,"ind",0.00563667342066765,58
"1019","test",16,"ind",0.209366872906685,59
"1020","test",16,"ind",0.00716416817158461,60
"1021","test",16,"ind",0.363897651433945,61
"1022","test",16,"ind",0.0141390096396208,62
"1023","test",16,"ind",0.0664818212389946,63
"1024","test",16,"ind",0.0133874760940671,64
"1025","train",18,"ind",2.22844700818301e-25,1
"1026","train",18,"ind",0.00402564182877541,2
"1027","train",18,"ind",0.509111225605011,3
"1028","train",18,"ind",0.796216189861298,4
"1029","train",18,"ind",0.885944366455078,5
"1030","train",18,"ind",0.924991130828857,6
"1031","train",18,"ind",0.940257430076599,7
"1032","train",18,"ind",0.952917635440826,8
"1033","train",18,"ind",0.96919047832489,9
"1034","train",18,"ind",0.973597884178162,10
"1035","train",18,"ind",0.973843038082123,11
"1036","train",18,"ind",0.971968591213226,12
"1037","train",18,"ind",0.970780491828918,13
"1038","train",18,"ind",0.972256779670715,14
"1039","train",18,"ind",0.973377883434296,15
"1040","train",18,"ind",0.973784744739532,16
"1041","train",18,"ind",0.973745584487915,17
"1042","train",18,"ind",0.973652899265289,18
"1043","train",18,"ind",0.973573327064514,19
"1044","train",18,"ind",0.973700702190399,20
"1045","train",18,"ind",0.973836362361908,21
"1046","train",18,"ind",0.974256098270416,22
"1047","train",18,"ind",0.974500000476837,23
"1048","train",18,"ind",0.97478199005127,24
"1049","train",18,"ind",0.974926710128784,25
"1050","train",18,"ind",0.975035548210144,26
"1051","train",18,"ind",0.975117325782776,27
"1052","train",18,"ind",0.975207090377808,28
"1053","train",18,"ind",0.975418508052826,29
"1054","train",18,"ind",0.975589275360107,30
"1055","train",18,"ind",0.975908160209656,31
"1056","train",18,"ind",0.976126194000244,32
"1057","train",18,"ind",0.976288259029388,33
"1058","train",18,"ind",0.976584136486053,34
"1059","train",18,"ind",0.976560413837433,35
"1060","train",18,"ind",0.97659957408905,36
"1061","train",18,"ind",0.976561665534973,37
"1062","train",18,"ind",0.97651082277298,38
"1063","train",18,"ind",0.976598620414734,39
"1064","train",18,"ind",0.976591289043427,40
"1065","test",18,"ind",3.14124681050368e-20,41
"1066","test",18,"ind",5.63958081623017e-12,42
"1067","test",18,"ind",0.0054854741320014,43
"1068","test",18,"ind",1.12095972326642e-06,44
"1069","test",18,"ind",4.43000462837517e-05,45
"1070","test",18,"ind",1.18016043870739e-06,46
"1071","test",18,"ind",0.00765711069107056,47
"1072","test",18,"ind",1.20057748063118e-05,48
"1073","test",18,"ind",0.0194258745759726,49
"1074","test",18,"ind",0.0207563173025846,50
"1075","test",18,"ind",0.317229062318802,51
"1076","test",18,"ind",0.567956209182739,52
"1077","test",18,"ind",0.00053437624592334,53
"1078","test",18,"ind",0.0380947515368462,54
"1079","test",18,"ind",0.0792039036750793,55
"1080","test",18,"ind",0.604046225547791,56
"1081","test",18,"ind",2.95335667033214e-06,57
"1082","test",18,"ind",0.261848330497742,58
"1083","test",18,"ind",0.0564747042953968,59
"1084","test",18,"ind",0.000138023373438045,60
"1085","test",18,"ind",0.0527177900075912,61
"1086","test",18,"ind",0.63872367143631,62
"1087","test",18,"ind",0.000837967498227954,63
"1088","test",18,"ind",0.0830496698617935,64
"1089","train",19,"ind",4.28961421252117e-26,1
"1090","train",19,"ind",2.99634575640084e-06,2
"1091","train",19,"ind",0.311625272035599,3
"1092","train",19,"ind",0.676031827926636,4
"1093","train",19,"ind",0.777874410152435,5
"1094","train",19,"ind",0.856411993503571,6
"1095","train",19,"ind",0.886343419551849,7
"1096","train",19,"ind",0.899103224277496,8
"1097","train",19,"ind",0.911202371120453,9
"1098","train",19,"ind",0.93158757686615,10
"1099","train",19,"ind",0.938643395900726,11
"1100","train",19,"ind",0.949539661407471,12
"1101","train",19,"ind",0.948207020759583,13
"1102","train",19,"ind",0.944416999816895,14
"1103","train",19,"ind",0.941396534442902,15
"1104","train",19,"ind",0.943124115467072,16
"1105","train",19,"ind",0.947553813457489,17
"1106","train",19,"ind",0.949491679668427,18
"1107","train",19,"ind",0.949860513210297,19
"1108","train",19,"ind",0.949760019779205,20
"1109","train",19,"ind",0.949842572212219,21
"1110","train",19,"ind",0.949743688106537,22
"1111","train",19,"ind",0.949830293655396,23
"1112","train",19,"ind",0.950506985187531,24
"1113","train",19,"ind",0.952066242694855,25
"1114","train",19,"ind",0.953265368938446,26
"1115","train",19,"ind",0.953886985778809,27
"1116","train",19,"ind",0.954084813594818,28
"1117","train",19,"ind",0.953965187072754,29
"1118","train",19,"ind",0.953627645969391,30
"1119","train",19,"ind",0.95281320810318,31
"1120","train",19,"ind",0.952417612075806,32
"1121","train",19,"ind",0.952100098133087,33
"1122","train",19,"ind",0.952114760875702,34
"1123","train",19,"ind",0.952705323696136,35
"1124","train",19,"ind",0.953763425350189,36
"1125","train",19,"ind",0.954335033893585,37
"1126","train",19,"ind",0.955475032329559,38
"1127","train",19,"ind",0.956167161464691,39
"1128","train",19,"ind",0.955864787101746,40
"1129","test",19,"ind",4.27525533712859e-19,41
"1130","test",19,"ind",1.73991637070214e-11,42
"1131","test",19,"ind",0.000278062798315659,43
"1132","test",19,"ind",5.08732149739899e-08,44
"1133","test",19,"ind",6.92545825131674e-08,45
"1134","test",19,"ind",0.000957063166424632,46
"1135","test",19,"ind",0.0387929752469063,47
"1136","test",19,"ind",0.00023082023835741,48
"1137","test",19,"ind",0.113453887403011,49
"1138","test",19,"ind",0.00277157127857208,50
"1139","test",19,"ind",0.307817488908768,51
"1140","test",19,"ind",0.0168055035173893,52
"1141","test",19,"ind",0.00032966845901683,53
"1142","test",19,"ind",0.0320316590368748,54
"1143","test",19,"ind",0.0320313572883606,55
"1144","test",19,"ind",0.167038172483444,56
"1145","test",19,"ind",6.25580287305638e-05,57
"1146","test",19,"ind",0.0999042093753815,58
"1147","test",19,"ind",0.0374524407088757,59
"1148","test",19,"ind",0.00280091841705143,60
"1149","test",19,"ind",0.0148425009101629,61
"1150","test",19,"ind",0.31034517288208,62
"1151","test",19,"ind",0.0653788149356842,63
"1152","test",19,"ind",0.0227936077862978,64
"1153","train",20,"ind",1.01300194178116e-26,1
"1154","train",20,"ind",0.00335566233843565,2
"1155","train",20,"ind",0.629347860813141,3
"1156","train",20,"ind",0.843772292137146,4
"1157","train",20,"ind",0.903045535087585,5
"1158","train",20,"ind",0.921717822551727,6
"1159","train",20,"ind",0.929363071918488,7
"1160","train",20,"ind",0.933193683624268,8
"1161","train",20,"ind",0.933886647224426,9
"1162","train",20,"ind",0.934578061103821,10
"1163","train",20,"ind",0.936170220375061,11
"1164","train",20,"ind",0.938217461109161,12
"1165","train",20,"ind",0.941836774349213,13
"1166","train",20,"ind",0.946957230567932,14
"1167","train",20,"ind",0.950527131557465,15
"1168","train",20,"ind",0.955276668071747,16
"1169","train",20,"ind",0.95632791519165,17
"1170","train",20,"ind",0.948302030563354,18
"1171","train",20,"ind",0.951658964157104,19
"1172","train",20,"ind",0.954123437404633,20
"1173","train",20,"ind",0.954755306243896,21
"1174","train",20,"ind",0.955041766166687,22
"1175","train",20,"ind",0.955044209957123,23
"1176","train",20,"ind",0.955125272274017,24
"1177","train",20,"ind",0.955040097236633,25
"1178","train",20,"ind",0.954871833324432,26
"1179","train",20,"ind",0.954460144042969,27
"1180","train",20,"ind",0.954915702342987,28
"1181","train",20,"ind",0.955198228359222,29
"1182","train",20,"ind",0.955671370029449,30
"1183","train",20,"ind",0.956918776035309,31
"1184","train",20,"ind",0.958087801933289,32
"1185","train",20,"ind",0.959280908107758,33
"1186","train",20,"ind",0.959897041320801,34
"1187","train",20,"ind",0.96102100610733,35
"1188","train",20,"ind",0.961385548114777,36
"1189","train",20,"ind",0.961816906929016,37
"1190","train",20,"ind",0.961617231369019,38
"1191","train",20,"ind",0.961889922618866,39
"1192","train",20,"ind",0.962013721466064,40
"1193","test",20,"ind",1.18396046455213e-18,41
"1194","test",20,"ind",1.17004540415135e-14,42
"1195","test",20,"ind",0.00499337585642934,43
"1196","test",20,"ind",1.54694106413444e-07,44
"1197","test",20,"ind",0.00350551167502999,45
"1198","test",20,"ind",0.146211892366409,46
"1199","test",20,"ind",5.05103181502875e-10,47
"1200","test",20,"ind",0.00676200352609158,48
"1201","test",20,"ind",0.00286361272446811,49
"1202","test",20,"ind",1.01521789019898e-06,50
"1203","test",20,"ind",0.0607963241636753,51
"1204","test",20,"ind",0.0128011247143149,52
"1205","test",20,"ind",0.135865435004234,53
"1206","test",20,"ind",5.07735400390175e-08,54
"1207","test",20,"ind",0.000818178174085915,55
"1208","test",20,"ind",0.13236890733242,56
"1209","test",20,"ind",0.0486886650323868,57
"1210","test",20,"ind",0.00864918995648623,58
"1211","test",20,"ind",0.0381760597229004,59
"1212","test",20,"ind",0.151981264352798,60
"1213","test",20,"ind",0.000131162072648294,61
"1214","test",20,"ind",0.241311937570572,62
"1215","test",20,"ind",0.00205933139659464,63
"1216","test",20,"ind",0.00194719573482871,64
"1217","train",22,"ind",1.97893960128841e-28,1
"1218","train",22,"ind",0.000278811960015446,2
"1219","train",22,"ind",0.303817629814148,3
"1220","train",22,"ind",0.644214749336243,4
"1221","train",22,"ind",0.792452573776245,5
"1222","train",22,"ind",0.817743837833405,6
"1223","train",22,"ind",0.844320774078369,7
"1224","train",22,"ind",0.875061571598053,8
"1225","train",22,"ind",0.889881014823914,9
"1226","train",22,"ind",0.900771498680115,10
"1227","train",22,"ind",0.910463511943817,11
"1228","train",22,"ind",0.921175897121429,12
"1229","train",22,"ind",0.928336083889008,13
"1230","train",22,"ind",0.931260406970978,14
"1231","train",22,"ind",0.934150695800781,15
"1232","train",22,"ind",0.937252342700958,16
"1233","train",22,"ind",0.941401183605194,17
"1234","train",22,"ind",0.944383144378662,18
"1235","train",22,"ind",0.945583939552307,19
"1236","train",22,"ind",0.946747004985809,20
"1237","train",22,"ind",0.947097361087799,21
"1238","train",22,"ind",0.948169469833374,22
"1239","train",22,"ind",0.948933362960815,23
"1240","train",22,"ind",0.949963390827179,24
"1241","train",22,"ind",0.950904488563538,25
"1242","train",22,"ind",0.951892077922821,26
"1243","train",22,"ind",0.952372252941132,27
"1244","train",22,"ind",0.953531503677368,28
"1245","train",22,"ind",0.954870045185089,29
"1246","train",22,"ind",0.955221772193909,30
"1247","train",22,"ind",0.955792188644409,31
"1248","train",22,"ind",0.956213355064392,32
"1249","train",22,"ind",0.956479012966156,33
"1250","train",22,"ind",0.956666171550751,34
"1251","train",22,"ind",0.957379817962646,35
"1252","train",22,"ind",0.957863986492157,36
"1253","train",22,"ind",0.958445310592651,37
"1254","train",22,"ind",0.958904922008514,38
"1255","train",22,"ind",0.959672212600708,39
"1256","train",22,"ind",0.960259318351746,40
"1257","test",22,"ind",1.60396080019047e-18,41
"1258","test",22,"ind",3.25926026618906e-12,42
"1259","test",22,"ind",3.81676301230982e-07,43
"1260","test",22,"ind",6.21134077505303e-09,44
"1261","test",22,"ind",2.59464486589422e-05,45
"1262","test",22,"ind",0.014450104907155,46
"1263","test",22,"ind",0.000758121663238853,47
"1264","test",22,"ind",0.000791997066698968,48
"1265","test",22,"ind",0.0737177282571793,49
"1266","test",22,"ind",0.115246802568436,50
"1267","test",22,"ind",7.09735832060687e-05,51
"1268","test",22,"ind",0.00070713518653065,52
"1269","test",22,"ind",0.357956498861313,53
"1270","test",22,"ind",0.00275616254657507,54
"1271","test",22,"ind",1.63860750035383e-05,55
"1272","test",22,"ind",0.0389689691364765,56
"1273","test",22,"ind",0.00231895549222827,57
"1274","test",22,"ind",0.228589624166489,58
"1275","test",22,"ind",0.000464758806629106,59
"1276","test",22,"ind",0.028143310919404,60
"1277","test",22,"ind",0.00100826111156493,61
"1278","test",22,"ind",0.19588828086853,62
"1279","test",22,"ind",0.00781663320958614,63
"1280","test",22,"ind",0.0247401595115662,64
